gxprodid,gxdate,gxname,drug,epc,dosageform,routename,bxprodid,bxdate,bxname,bxgxtime
09E0233D-C9F2-4A62-AE66-0F454CFDAE76,2013-12-17,ABACAVIR SULFATE LAMIVUDINE ZIDOVUDINE,ABACAVIR SULFATE; LAMIVUDINE; ZIDOVUDINE TABLET ORAL, HEPATITIS B VIRUS NUCLEOSIDE ANALOG REVERSE TRANSCRIPTASE INHIBITOR ; HUMAN IMMUNODEFICIENCY VIRUS NUCLEOSIDE ANALOG REVERSE TRANSCRIPTASE INHIBITOR ; HUMAN IMMUNODEFICIENCY VIRUS NUCLEOSIDE ANALOG REVERSE TRANSCRIPTASE INHIBITOR ; HUMAN IMMUNODEFICIENCY VIRUS NUCLEOSIDE ANALOG REVERSE TRANSCRIPTASE INHIBITOR ,TABLET,ORAL,83EC1E5D-FAE7-43CE-A8BE-D9CA53D05A78,2010-11-02,TRIZIVIR,1141
9F67BA0E-C275-44F6-A1E3-64A4D1F8FADF,2012-06-19,ABACAVIR SULFATE,ABACAVIR SULFATE TABLET ORAL, HUMAN IMMUNODEFICIENCY VIRUS NUCLEOSIDE ANALOG REVERSE TRANSCRIPTASE INHIBITOR ,TABLET  FILM COATED,ORAL,DD74D4F9-ED20-47B0-BB3D-4A8AD228A21E,2009-07-01,ZIAGEN,1084
43E9EF60-2D85-4394-906B-93042FEA099A,2013-07-16,ACAMPROSATE CALCIUM,"ACAMPROSATE CALCIUM TABLET, DELAYED RELEASE ORAL",,TABLET  DELAYED RELEASE,ORAL,B5BCA50F-5077-46D1-BB1D-15436F86E24C,2005-01-11,CAMPRAL,3108
59C8B781-B2CE-A42C-75D9-207E1A35C819,2009-12-01,ACEBUTOLOL HYDROCHLORIDE,ACEBUTOLOL HYDROCHLORIDE CAPSULE ORAL, ADRENERGIC BLOCKER ,CAPSULE,ORAL,8D674EC6-61E4-41F2-91F8-4A0DF9C141B9,1984-12-28,SECTRAL,9104
E2B0EEC4-07D0-44A6-A1E9-BE021C3CD1AA,2001-03-21,BUTALBITAL ACETAMINOPHEN CAFFEINE CODEINE PHOSPHATE,ACETAMINOPHEN; BUTALBITAL; CAFFEINE; CODEINE PHOSPHATE CAPSULE ORAL, BARBITURATE ; CENTRAL NERVOUS SYSTEM STIMULANT ; METHYLXANTHINE ; OPIOID AGONIST ,CAPSULE,ORAL,18EE437A-EFA3-46CD-BB6C-6D784E15654C,1992-07-30,FIORICET WITH CODEINE,3156
B4E8325F-FF28-4346-A596-4D23DB3A04A3,2005-04-21,TRAMADOL HYDROCHLORIDE ACETAMINOPHEN,ACETAMINOPHEN; TRAMADOL HYDROCHLORIDE TABLET ORAL,  OPIOID AGONIST ,TABLET,ORAL,B393EEB7-F0C4-43E9-9D97-CA0DFACE9182,2001-08-15,ULTRACET,1345
C3EEB0E1-234D-4B72-BEBE-8E158DD4E1B1,2008-12-15,ACETAZOLAMIDE,"ACETAZOLAMIDE CAPSULE, EXTENDED RELEASE ORAL", CARBONIC ANHYDRASE INHIBITOR ,CAPSULE  EXTENDED RELEASE,ORAL,83DA6C1D-BB8E-430A-87FE-93B4BC22420D,1962-03-01,DIAMOX SEQUELS,17091
AB3C9C7E-1BDA-4579-9B90-2133C99C95A8,2013-04-03,ACYCLOVIR,ACYCLOVIR OINTMENT TOPICAL,  HERPES SIMPLEX VIRUS NUCLEOSIDE ANALOG DNA POLYMERASE INHIBITOR ; HERPES ZOSTER VIRUS NUCLEOSIDE ANALOG DNA POLYMERASE INHIBITOR ; HERPESVIRUS NUCLEOSIDE ANALOG DNA POLYMERASE INHIBITOR ,OINTMENT,TOPICAL,F9DDE4E5-6CEC-49DC-8787-F39F4E46472F,1982-03-29,ZOVIRAX,11328
7A30FB41-2A84-4AFB-A155-46DBA2CFB76A,1997-04-23,ACYCLOVIR,ACYCLOVIR TABLET ORAL,  HERPES SIMPLEX VIRUS NUCLEOSIDE ANALOG DNA POLYMERASE INHIBITOR ; HERPES ZOSTER VIRUS NUCLEOSIDE ANALOG DNA POLYMERASE INHIBITOR ; HERPESVIRUS NUCLEOSIDE ANALOG DNA POLYMERASE INHIBITOR ,TABLET,ORAL,37B68080-E4BC-42F3-82FD-E8DD38B5507A,1993-07-29,ZOVIRAX,1364
F3AE5047-F195-4AD7-81E2-95862B388FA0,2010-06-30,ADAPALENE,ADAPALENE CREAM TOPICAL, RETINOID ,CREAM,TOPICAL,D972A09A-E421-403C-B9BF-9CBD738FA99C,2005-04-19,DIFFERIN,1898
12EC87D0-8A07-4D80-BA71-70420C4993D2,2010-06-02,ADAPALENE,ADAPALENE GEL TOPICAL, RETINOID ,GEL,TOPICAL,79D4F186-A6FC-4FE5-9CA6-246C32317EFD,1996-05-31,DIFFERIN,5115
165F8B4D-7E7C-4A64-850E-50E325549151,2013-09-03,ADEFOVIR DIPIVOXIL,ADEFOVIR DIPIVOXIL TABLET ORAL, HEPATITIS B VIRUS NUCLEOSIDE ANALOG REVERSE TRANSCRIPTASE INHIBITOR ,TABLET,ORAL,22DC9759-59C6-4683-A461-6CDEA36BEABF,2002-09-20,HEPSERA,4001
2C7EE4BE-3FE1-4B45-B56E-56BC85E2BF6A,2008-02-06,ALENDRONATE SODIUM,ALENDRONATE SODIUM TABLET ORAL, BISPHOSPHONATE ,TABLET,ORAL,4E089518-0115-4EF0-A0E3-E865092DB8F6,1995-09-29,FOSAMAX,4513
47FAE4FA-D1F7-4076-90EB-9CDDDC6AB8B3,2011-07-18,ALFUZOSIN HYDROCHLORIDE,"ALFUZOSIN HYDROCHLORIDE TABLET, EXTENDED RELEASE ORAL", ADRENERGIC BLOCKER ,TABLET  EXTENDED RELEASE,ORAL,9269C2D5-33DF-4A96-BBC2-83C4EBEEBA15,2004-06-22,UROXATRAL,2582
BC1EF0B4-9CA2-414B-9984-7C033FD54E09,1986-10-24,ALLOPURINOL,ALLOPURINOL TABLET ORAL, XANTHINE OXIDASE INHIBITOR ,TABLET,ORAL,CEC6BC7A-F20A-4216-8EB8-67FB1BA15EC7,1966-08-19,ZYLOPRIM,7371
D454635A-C186-46CB-B673-FD10B2D08165,2009-12-03,ALPRAZOLAM,"ALPRAZOLAM TABLET, EXTENDED RELEASE ORAL", BENZODIAZEPINE ,TABLET  EXTENDED RELEASE,ORAL,42EAB319-7C06-4BC0-A7C0-521AB6399B12,2003-01-17,ALPRAZOLAM,2512
FC4262CA-F03C-4136-AD2F-906BEBA582ED,1993-10-19,ALPRAZOLAM,ALPRAZOLAM TABLET ORAL, BENZODIAZEPINE ,TABLET,ORAL,D8812751-9C69-43F6-8DF3-0495E2EBD009,1981-10-16,XANAX,4386
5B80786B-F89E-4909-8BAF-E27995DFA29F,1998-11-30,AMIODARONE HYDROCHLORIDE,AMIODARONE HYDROCHLORIDE TABLET ORAL, ANTIARRHYTHMIC ,TABLET,ORAL,E2DE6F00-0FF3-4E4C-AF48-77626ED07898,1985-12-01,CORDARONE,4747
9B13F4A1-EBEE-461F-B876-EF061DBDD35B,2010-10-13,AMLODIPINE BESYLATE BENAZEPRIL HYDROCHLORIDE,AMLODIPINE BESYLATE; BENAZEPRIL HYDROCHLORIDE CAPSULE ORAL,  DIHYDROPYRIDINE CALCIUM CHANNEL BLOCKER ; ANGIOTENSIN CONVERTING ENZYME INHIBITOR ,CAPSULE,ORAL,556066CF-974C-4020-94F6-D2B7410C746D,1995-03-03,LOTREL,5703
025B6ACF-1F45-401B-B533-3C63D147E8DC,2007-03-23,AMLODIPINE BESYLATE,AMLODIPINE BESYLATE TABLET ORAL,  DIHYDROPYRIDINE CALCIUM CHANNEL BLOCKER ,TABLET,ORAL,800BF859-D823-4D1A-A014-5C1CBC1691DF,1992-07-31,NORVASC,5348
C7BCA289-439F-49E3-B876-DD901E890EE2,2014-01-08,TELMISARTAN AMLODIPINE,AMLODIPINE BESYLATE; TELMISARTAN TABLET ORAL,  ANGIOTENSIN 2 RECEPTOR BLOCKER ; DIHYDROPYRIDINE CALCIUM CHANNEL BLOCKER ,TABLET,ORAL,77F3DC56-033B-A8F9-DCB6-1B4A2AF84A9F,2009-11-02,TWYNSTA,1528
B12D0A19-5617-4C3E-9E06-2372E0D649F9,2014-09-30,AMLODIPINE VALSARTAN,AMLODIPINE BESYLATE; VALSARTAN TABLET ORAL,  DIHYDROPYRIDINE CALCIUM CHANNEL BLOCKER ; ANGIOTENSIN 2 RECEPTOR BLOCKER ,TABLET,ORAL,EE603C1F-4332-4247-9B37-FF281605FBF2,2007-06-20,EXFORGE,2659
B2016DB1-1716-457F-B6C2-DA0C8E1CD688,2013-09-09,LANSOPRAZOLE AMOXICILLIN CLARITHROMYCIN,"AMOXICILLIN; CLARITHROMYCIN; LANSOPRAZOLE CAPSULE, CAPSULE, DELAYED REL PELLETS, TABLET ORAL",,KIT,,F081EEED-7E1F-4526-B17C-98BA3CA9A17C,1997-12-02,PREVPAC,5760
D74E93E5-11C9-434E-A60C-4A4F911DD0F8,2002-06-05,AMOXICILLIN CLAVULANATE POTASSIUM,AMOXICILLIN; CLAVULANATE POTASSIUM FOR SUSPENSION ORAL, BETA LACTAMASE INHIBITOR ,POWDER  FOR SUSPENSION,ORAL,F0C660DA-4198-4D04-87E9-5D6A7B6F75CF,1990-10-22,AMOXICILLIN AND CLAVULANATE POTASSIUM,4244
85A0FCC4-99CF-446F-861D-FE169FC7171D,2010-04-21,AMOXICILLIN CLAVULANATE POTASSIUM,"AMOXICILLIN; CLAVULANATE POTASSIUM TABLET, EXTENDED RELEASE ORAL", CLASS ANTIBACTERIAL ;CLASS ANTIBACTERIAL ; BETA LACTAMASE INHIBITOR ,TABLET  MULTILAYER  EXTENDED RELEASE,ORAL,DFAF9A26-C4EA-4A66-9723-C55AD6D6DFFB,2003-01-30,AUGMENTINXR,2638
ACEE535D-927A-4F86-8F8F-D9377ADE1613,2002-03-14,AMOXICILLIN CLAVULANATE POTASSIUM,AMOXICILLIN; CLAVULANATE POTASSIUM TABLET ORAL, CLASS ANTIBACTERIAL ; BETA LACTAMASE INHIBITOR ,TABLET  FILM COATED,ORAL,7B97AC91-9ED6-4CCA-A517-FB1C2B3D0E46,1984-08-06,AUGMENTIN,6429
2AC1DD75-40FB-4723-90F3-C66D3C949014,2000-09-26,AMOXICILLIN,AMOXICILLIN TABLET ORAL, CLASS ANTIBACTERIAL ,TABLET  FILM COATED,ORAL,5D080267-A1AD-4714-8FCD-CA291FBD1EF4,1978-07-10,AMOXICILLIN,8114
D114984B-BC2A-4647-BE31-277DC1EA9C7A,2005-04-18,ANAGRELIDE HYDROCHLORIDE,ANAGRELIDE HYDROCHLORIDE CAPSULE ORAL, REDUCING AGENT ,CAPSULE,ORAL,3E238E91-77DA-4EBE-BFBD-413A1A8B9A2C,1997-03-14,AGRYLIN,2957
B55863F0-5F4D-4E5F-B394-473BDFCF079B,2010-06-01,ANASTROZOLE,ANASTROZOLE TABLET ORAL, AROMATASE INHIBITOR ,TABLET,ORAL,449D8FD6-ABE2-4BC8-8BC9-67874EF86966,1996-01-16,ARIMIDEX,5250
30DA1180-803C-4CC6-BD4B-7A49CC02443F,1992-08-01,ATENOLOL CHLORTHALIDONE,ATENOLOL; CHLORTHALIDONE TABLET ORAL, ADRENERGIC BLOCKER ;LIKE DIURETIC ,TABLET,ORAL,FE61473A-7CA4-44D7-9DE1-1E83D820581A,1990-09-01,TENORETIC,700
8D0B7918-C956-4872-8496-311AC25217EC,2011-08-10,ATENOLOL,ATENOLOL TABLET ORAL, ADRENERGIC BLOCKER ,TABLET,ORAL,4BA4DFFE-0EC0-462B-96A3-FDAB78685968,1990-09-01,TENORMIN,7648
8E92B44E-846E-4F38-8187-97062A91930D,2007-07-11,AZATHIOPRINE,AZATHIOPRINE TABLET ORAL,  PURINE ANTIMETABOLITE ,TABLET,ORAL,52D9D9C5-CB11-4901-AB91-BC03805AF972,1968-03-20,IMURAN,14357
853CCD51-1231-4EBA-898F-811897210F0F,2014-05-09,AZELASTINE HCL,"AZELASTINE HYDROCHLORIDE SPRAY, METERED NASAL", 1 RECEPTOR ANTAGONIST ,SPRAY,NASAL,35E42814-098B-45B3-939A-05FDA315C77F,1996-11-15,ASTELIN,6384
3F0BBF9D-09D4-44ED-8B62-CFB509855E8C,2012-01-10,AZITHROMYCIN,AZITHROMYCIN FOR SUSPENSION ORAL, MACROLIDE ANTIMICROBIAL ,POWDER  FOR SUSPENSION,ORAL,1835BD55-D89E-4969-9F22-D79B99B8FC4D,1995-10-19,AZITHROMYCIN,5927
28C47D22-366C-4450-A5B3-9E47EF7430B8,2008-02-11,AZITHROMYCIN,AZITHROMYCIN TABLET ORAL, MACROLIDE ANTIMICROBIAL ,TABLET  FILM COATED,ORAL,7179F9E7-4CB5-40BA-AC9D-94AF35A10AC5,1996-06-12,ZITHROMAX,4261
6E424468-1209-4462-93FE-BCCDD45D2FF2,2007-03-30,NADOLOL BENDROFLUMETHIAZIDE,BENDROFLUMETHIAZIDE; NADOLOL TABLET ORAL, ADRENERGIC BLOCKER ; THIAZIDE DIURETIC ,TABLET,ORAL,B460AD32-A557-495C-AA65-13EC28AC9ED1,1983-05-25,CORZIDE,8710
B5263478-A3B9-42DF-B11D-CAF20E83E5B0,2009-08-25,CLINDAMYCIN PHOSPHATE BENZOYL PEROXIDE,BENZOYL PEROXIDE; CLINDAMYCIN PHOSPHATE GEL TOPICAL,,KIT,,C5D98F4D-09C3-4242-B39C-4F6FABAEF07C,2000-12-21,BENZACLIN,3169
318764A6-527A-4902-B9D6-2A7ED1A1B5CA,2004-03-29,ERYTHROMYCIN BENZOYL PEROXIDE,BENZOYL PEROXIDE; ERYTHROMYCIN GEL TOPICAL,,KIT,TOPICAL,DB47C1D6-B411-4DC3-96C1-CE2C356FE435,1984-10-26,BENZAMYCIN,7094
0AA6766D-322E-4A61-A04A-257932F50702,2010-04-28,BETAMETHASONE SODIUM PHOSPHATE BETAMETHASONE ACETATE,BETAMETHASONE ACETATE; BETAMETHASONE SODIUM PHOSPHATE INJECTABLE INJECTION, CORTICOSTEROID ; CORTICOSTEROID ,INJECTION  SUSPENSION,INTRA-ARTICULAR; INTRALESIONAL; INTRAMUSCULAR,0647347B-4BED-43AD-88B6-0ED5A82801F4,1965-03-15,CELESTONE SOLUSPAN,16480
6B1104D0-777C-479D-991B-8A56C02092B7,2014-03-31,CALCIPOTRIENE % BETAMETHASONE DIPROPIONATE %,BETAMETHASONE DIPROPIONATE; CALCIPOTRIENE HYDRATE OINTMENT TOPICAL,  VITAMIN D ANALOG ; CORTICOSTEROID ,OINTMENT,TOPICAL,57A9D7BA-8F1A-4A6F-AD71-5674BB8989F1,2008-06-01,TACLONEX,2129
5DF0C672-1871-4264-9825-440EE73FACDF,2013-06-10,CLOTRIMAZOLE BETAMETHASONE DIPROPIONATE,BETAMETHASONE DIPROPIONATE; CLOTRIMAZOLE CREAM TOPICAL, CORTICOSTEROID ; AZOLE ANTIFUNGAL ,CREAM,TOPICAL,B55E700D-AE7B-4347-99F9-96E37B170D8A,1984-07-10,CLOTRIMAZOLE AND BETAMETHASONE DIPROPIONATE,10562
B22CE55A-D64F-48DC-B379-EAAFB1F0447A,2003-12-09,BETAMETHASONE DIPROPIONATE,"BETAMETHASONE DIPROPIONATE CREAM, AUGMENTED TOPICAL", CORTICOSTEROID ,CREAM  AUGMENTED,TOPICAL,FD55D570-7CE6-4448-8EDC-0B677C96E8F7,1987-04-27,DIPROLENE AF,6070
4531F9DF-12A0-43C8-B733-BA6109322703,1992-04-30,BETAMETHASONE DIPROPIONATE,BETAMETHASONE DIPROPIONATE CREAM TOPICAL, CORTICOSTEROID ,CREAM,TOPICAL,5116738F-2294-4703-971C-71B81A5B5157,1984-06-26,BETAMETHASONE DIPROPIONATE,2865
F84FC3BD-4E3A-4212-BE3D-CBE5D92A9251,2011-07-27,BETAMETHASONE DIPROPIONATE,"BETAMETHASONE DIPROPIONATE LOTION, AUGMENTED TOPICAL",,LOTION,TOPICAL,D0A02F18-CF77-4FFD-8E66-176199CA58AF,1988-08-01,DIPROLENE,8395
A45847F8-0273-4D42-AFA8-57D49EC8A547,1999-06-22,BETAMETHASONE DIPROPIONATE,"BETAMETHASONE DIPROPIONATE OINTMENT, AUGMENTED TOPICAL", CORTICOSTEROID ,OINTMENT  AUGMENTED,TOPICAL,E79E84EC-FB29-4186-AAB1-B0C6E96547E8,1983-07-27,DIPROLENE,5809
939D2C7F-0B9F-4DE6-943F-54835756E3BE,2002-08-26,BETAMETHASONE DIPROPIONATE,BETAMETHASONE DIPROPIONATE OINTMENT TOPICAL, CORTICOSTEROID ,OINTMENT,TOPICAL,902D9D45-F8BA-41DB-A8D2-CCBF0A1D7972,1984-09-04,BETAMETHASONE DIPROPIONATE,6565
B37E5A3F-C1C3-4EBF-BB95-30A3EE3D7629,2013-01-15,BETAMETHASONE VALERATE,"BETAMETHASONE VALERATE AEROSOL, FOAM TOPICAL", CORTICOSTEROID ,AEROSOL  FOAM,TOPICAL,7A3F76EC-3C2F-4A29-92A0-68CD8E1CE066,2005-09-21,LUXIQ,2673
A09EEFD5-DA30-4ABF-AAD8-83ADBF711F17,1988-01-06,BETAMETHASONE VALERATE,BETAMETHASONE VALERATE CREAM TOPICAL, CORTICOSTEROID ,CREAM,TOPICAL,05BC95AF-9436-41E0-90ED-745CEE7C03D9,1983-08-31,BETAMETHASONE VALERATE,1589
DFCEA874-E7C9-44DA-90CE-7A13239510D1,1985-07-31,BETAMETHASONE VALERATE,BETAMETHASONE VALERATE LOTION TOPICAL, CORTICOSTEROID ,LOTION,CUTANEOUS,05BC95AF-9436-41E0-90ED-745CEE7C03D9,1983-08-31,BETAMETHASONE VALERATE,700
26E6294A-478B-44A8-8E6A-6AFCFF6840D3,2002-09-01,BETAMETHASONE VALERATE,BETAMETHASONE VALERATE OINTMENT TOPICAL, CORTICOSTEROID ,OINTMENT,TOPICAL,05BC95AF-9436-41E0-90ED-745CEE7C03D9,1983-08-31,BETAMETHASONE VALERATE,6941
F6F05391-0639-4CF4-AACB-ED169CAE6A8F,2009-07-06,BICALUTAMIDE,BICALUTAMIDE TABLET ORAL,  ANDROGEN RECEPTOR INHIBITOR ,TABLET,ORAL,5D848DDE-AC92-40F1-B7D6-D4CF7119B143,1995-10-16,CASODEX,5012
4AE433F5-52BB-4403-984C-32F0FAD50DD1,2000-09-25,BISOPROLOL FUMARATE HYDROCHLOROTHIAZIDE,BISOPROLOL FUMARATE; HYDROCHLOROTHIAZIDE TABLET ORAL, ADRENERGIC BLOCKER ; THIAZIDE DIURETIC ,TABLET  COATED,ORAL,FD810568-1FF0-4CCF-A938-403DFD8EE54D,1993-03-26,ZIAC,2740
B73EF1F0-B0F7-443E-81A3-B6DD20367F3A,2000-11-16,BISOPROLOL FUMARATE,BISOPROLOL FUMARATE TABLET ORAL, ADRENERGIC BLOCKER ,TABLET  COATED,ORAL,DFFA820B-820F-4F21-A679-E7BDB047D0BC,1992-07-31,ZEBETA,3030
4E0DAAA9-B926-4033-93C4-47FEFD919ED3,2013-08-23,BUDESONIDE,BUDESONIDE CAPSULE ORAL, CORTICOSTEROID ,CAPSULE,ORAL,C99A57A5-655A-4DED-9397-EB7881A3E670,2001-10-29,ENTOCORT,4316
D98BA7B4-65F6-E280-4081-9DA5398F8FB5,2014-05-12,BUDESONIDE,"BUDESONIDE SPRAY, METERED NASAL", CORTICOSTEROID ,SPRAY  METERED,NASAL,DB4CE2C5-A1A2-4F37-BB4A-E99D01BCE1FB,2001-04-02,RHINOCORT AQUA,4788
7BEEAF45-CE27-42A6-8C4D-AEDC04648345,2010-02-01,BUPROPION HYDROCHLORIDE,BUPROPION HYDROCHLORIDE TABLET ORAL, AMINOKETONE ,TABLET  FILM COATED,ORAL,704FF5AE-01F7-402B-841E-9EA5450FA617,1986-02-04,WELLBUTRIN,8763
67AAE09E-DFB8-4238-9078-DB586923AC40,2012-07-27,CALCIPOTRIENE,CALCIPOTRIENE CREAM TOPICAL,  VITAMIN D ANALOG ,CREAM,TOPICAL,99EB2DE3-FD33-4A81-AAB7-383BAA536D2C,1996-10-01,DOVONEX,5778
495988FD-328F-485B-9DC8-CFC1A47BAA05,2011-12-09,CALCITONIN SALMON,"CALCITONIN SALMON SPRAY, METERED NASAL",  CALCITONIN ,SPRAY  METERED,NASAL,BBD80843-5B89-4B66-B1D2-C5C5A28C346E,1995-08-01,MIACALCIN,5974
DBDFD156-0099-F2CA-E5D4-872F66F74562,2015-04-09,CALCIUM ACETATE,CALCIUM ACETATE CAPSULE ORAL, BLOOD COAGULATION FACTOR ,CAPSULE,ORAL,8C973FD0-17A6-11E4-8C21-0800200C9A66,2001-04-02,PHOSLO,5120
711E77E3-7132-D23F-C674-439280003D8D,2014-01-13,C ESARTAN CILEXETIL,CANDESARTAN CILEXETIL TABLET ORAL,  ANGIOTENSIN 2 RECEPTOR BLOCKER ,TABLET,ORAL,B3E2C633-6CFB-4B5D-8661-14C2CE8D7BB5,1998-09-14,ATACAND,5600
9DE2E32B-2835-42A2-830D-297852E3E72A,2011-05-20,CARBAMAZEPINE,"CARBAMAZEPINE CAPSULE, EXTENDED RELEASE ORAL", EPILEPTIC AGENT ; MOOD STABILIZER ,CAPSULE  EXTENDED RELEASE,ORAL,0CF9D3B7-1B6D-4B02-A896-00439C05E5DD,1997-09-30,CARBATROL,4980
00141076-6810-4CD2-B72B-25E6B2F1A2C7,2007-02-27,CARBAMAZEPINE,CARBAMAZEPINE SUSPENSION ORAL, EPILEPTIC AGENT ; MOOD STABILIZER ,SUSPENSION,ORAL,55DDC863-9AB4-4A60-AAEA-8EBDB0D54AED,1987-12-18,TEGRETOL,7011
BF4BF9C4-4C23-4E96-A0B5-A0C4E65DA50E,2010-03-22,CARBAMAZEPINE,"CARBAMAZEPINE TABLET, CHEWABLE ORAL", EPILEPTIC AGENT ; MOOD STABILIZER ,TABLET  CHEWABLE,ORAL,55DDC863-9AB4-4A60-AAEA-8EBDB0D54AED,1981-12-14,TEGRETOL,10325
E292116E-DFDC-4818-907F-6E691C1A783A,2009-03-31,CARBAMAZEPINE,"CARBAMAZEPINE TABLET, EXTENDED RELEASE ORAL", EPILEPTIC AGENT ; MOOD STABILIZER ,TABLET  EXTENDED RELEASE,ORAL,55DDC863-9AB4-4A60-AAEA-8EBDB0D54AED,1996-03-25,TEGRETOL,4754
2B8C4AE6-BA9F-43D3-93D1-E731B10A0A4D,1996-10-03,CARBAMAZEPINE,CARBAMAZEPINE TABLET ORAL, EPILEPTIC AGENT ; MOOD STABILIZER ,TABLET,ORAL,55DDC863-9AB4-4A60-AAEA-8EBDB0D54AED,1968-03-11,TEGRETOL,10433
93C0EFDD-BED8-494C-A714-7F74C2B82F3C,2012-05-22,CARBIDOPA LEVODOPA ENTACAPONE,CARBIDOPA; ENTACAPONE; LEVODOPA TABLET ORAL, AROMATIC AMINO ACID DECARBOXYLATION INHIBITOR ;METHYLTRANSFERASE INHIBITOR ,TABLET  FILM COATED,ORAL,49247404-19D5-4CDF-83D9-58FE92FBB289,2003-06-11,STALEVO,3268
E5D31ABE-2F73-4B5B-8C22-D6E0EEA7F6C8,2000-04-26,CARBIDOPA LEVODOPA,"CARBIDOPA; LEVODOPA TABLET, EXTENDED RELEASE ORAL", AROMATIC AMINO ACID DECARBOXYLATION INHIBITOR ,TABLET  EXTENDED RELEASE,ORAL,6F98927F-48CD-4C54-A67D-F318EAC3E5FE,1991-05-30,SINEMET,3254
CCD002FF-0BBA-495F-96C2-A97F13689BB2,1993-09-01,CARBIDOPA LEVODOPA,CARBIDOPA; LEVODOPA TABLET ORAL, AROMATIC AMINO ACID DECARBOXYLATION INHIBITOR ,TABLET,ORAL,6145F3E9-40AF-4662-896E-5953BFF18453,1975-05-02,SINEMET,6697
C94D8749-B1FC-4B8D-B2AA-4D063F573254,2013-11-01,CARBIDOPA,CARBIDOPA TABLET ORAL,,TABLET,ORAL,B3E18113-1156-4995-A7B6-0481B62CDCAC,2010-04-13,LODOSYN,1298
B186B5CE-431F-4219-94F4-302594F3125E,2007-09-06,CARVEDILOL,CARVEDILOL TABLET ORAL, ADRENERGIC BLOCKER ;ADRENERGIC BLOCKER ,TABLET  FILM COATED,ORAL,85BA9AF4-CAFA-4BEC-8E69-03914484E2FB,1997-06-03,COREG,3747
037E5290-F39E-45EF-A05C-51B0CE2C4473,2008-02-08,CEFUROXIME AXETIL,CEFUROXIME AXETIL FOR SUSPENSION ORAL, CEPHALOSPORIN ANTIBACTERIAL ,SUSPENSION,ORAL,D6D26F67-2E6F-4759-B18F-FF423F99E4C4,2004-06-02,CEFTIN,1346
52F0C8BA-C642-4577-B33D-F528B3BEC9AA,2006-03-29,CEFUROXIME AXETIL,CEFUROXIME AXETIL TABLET ORAL, CEPHALOSPORIN ANTIBACTERIAL ,TABLET  FILM COATED,ORAL,D6D26F67-2E6F-4759-B18F-FF423F99E4C4,1989-10-01,CEFTIN,6023
48106600-8CD7-A01A-DD4B-340986F6E778,2014-12-10,CELECOXIB,CELECOXIB CAPSULE ORAL, INFLAMMATORY DRUG ,CAPSULE,ORAL,C641B6A5-BA8E-43E1-B689-0BF711888417,1998-10-02,CELEBREX,5913
4AFC9B83-70F5-4D70-A7E2-6FB333DD7AE6,2014-06-20,CEPHALEXIN,CEPHALEXIN CAPSULE ORAL, CEPHALOSPORIN ANTIBACTERIAL ,CAPSULE,ORAL,FA00F77B-F5E4-4DF1-9699-8BE1D9AABF59,1971-01-04,KEFLEX,15873
2D3A7982-39C4-F623-294C-3D629F16EADB,2012-10-08,CEVIMELINE HYDROCHLORIDE,CEVIMELINE HYDROCHLORIDE CAPSULE ORAL,  CHOLINERGIC RECEPTOR AGONIST ,CAPSULE,ORAL,8CD687D1-975C-426D-8E16-0E2F8C612672,2000-01-11,EVOXAC,4654
C55797D4-27EE-4735-B25E-FC2704931EF9,2012-06-29,HYDROCODONE POLISTIREX CHLORPHENIRAMINE POLISTIREX,"CHLORPHENIRAMINE POLISTIREX; HYDROCODONE POLISTIREX SUSPENSION, EXTENDED RELEASE ORAL", OPIOID AGONIST ;1 RECEPTOR ANTAGONIST ,SUSPENSION  EXTENDED RELEASE,ORAL,E8CFDAD7-498E-475A-A53D-C9BE12462368,1987-12-31,TUSSIONEX PENNKINETIC,8947
D5089E87-12DB-4668-AD23-A66F9304BE58,2013-07-15,FENOFIBRIC ACID,"CHOLINE FENOFIBRATE CAPSULE, DELAYED RELEASE ORAL", PEROXISOME PROLIFERATOR RECEPTOR ALPHA AGONIST ,CAPSULE  DELAYED RELEASE PELLETS,ORAL,0AF51354-FDF8-DC40-4BD9-19D31F988CEB,2008-12-15,FENOFIBRIC ACID,1673
12E2AB6C-6724-4330-90AF-E864776F3241,2012-10-24,CILOSTAZOL,CILOSTAZOL TABLET ORAL, PHOSPHODIESTERASE 3 INHIBITOR ,TABLET,ORAL,6BD5A302-6983-40DD-9C84-BDA0D1AE7674,1999-01-15,PLETAL,5031
F0D6948F-08AC-442A-87FC-852AEBD0BD57,2014-06-06,CIPROFLOXACIN,CIPROFLOXACIN FOR SUSPENSION ORAL,,KIT,,B500FF5C-D1FB-45A9-9991-647266AD4C25,1997-09-26,CIPRO,6097
DADF8ED3-B155-4449-A74E-1EBDF9B10A06,2010-01-14,CITALOPRAM HYDROBROMIDE,CITALOPRAM HYDROBROMIDE TABLET ORAL, SEROTONIN REUPTAKE INHIBITOR ,TABLET  FILM COATED,ORAL,D0CE418D-D88A-49B7-8A32-7DDE9967E3B8,1998-07-17,CELEXA,4199
AE188E6F-3D55-40F0-B3EB-1C4440EA87C8,2007-09-04,CLARITHROMYCIN,CLARITHROMYCIN FOR SUSPENSION ORAL, MACROLIDE ANTIMICROBIAL ,FOR SUSPENSION,ORAL,9950C0DF-9D51-69E8-D197-A9F8070EC41C,1991-10-31,CLARITHROMYCIN,5787
3A6E48F8-D847-4168-97A0-C007FDAB52CC,2009-05-30,CLARITHROMYCIN,"CLARITHROMYCIN TABLET, EXTENDED RELEASE ORAL", MACROLIDE ANTIMICROBIAL ,TABLET  EXTENDED RELEASE,ORAL,6F157348-07B1-435D-936E-18AEAF516B17,2000-03-03,BIAXIN,3375
F447C03D-35DF-4A22-A00E-4ECFFE5B859B,2012-07-25,CLARITHROMYCIN,CLARITHROMYCIN TABLET ORAL, MACROLIDE ANTIMICROBIAL ,TABLET  FILM COATED,ORAL,9950C0DF-9D51-69E8-D197-A9F8070EC41C,1991-10-31,CLARITHROMYCIN,7573
779DA601-E086-4585-A24B-F4F87DAC0A2D,2001-03-23,CLINDAMYCIN HYDROCHLORIDE,CLINDAMYCIN HYDROCHLORIDE CAPSULE ORAL,  LINCOSAMIDE ANTIBACTERIAL ,CAPSULE,ORAL,972A9D52-2971-4B19-A1A4-655EB5FDD9E2,1970-05-22,CLINDAMYCIN HYDROCHLORIDE,11263
17CB3DD4-210C-457B-BA5F-806D50FAE513,2012-03-29,CLINDAMYCIN PHOSPHATE,CLINDAMYCIN PHOSPHATE CREAM VAGINAL,  LINCOSAMIDE ANTIBACTERIAL ,CREAM,VAGINAL,E366948A-147C-43CB-B7CB-67339E086C62,1992-08-11,CLINDAMYCIN PHOSPHATE,7170
E0752517-F24C-4706-A832-10CDC9C4FC83,2010-01-28,CLINDAMYCIN PHOSPHATE,CLINDAMYCIN PHOSPHATE GEL TOPICAL,  LINCOSAMIDE ANTIBACTERIAL ,GEL,TOPICAL,3696376E-7A81-4276-8B56-B13943CBA619,1987-01-07,CLINDAMYCIN PHOSPHATE,8422
E0752517-F24C-4706-A832-10CDC9C4FC83,2002-01-31,CLINDAMYCIN PHOSPHATE,CLINDAMYCIN PHOSPHATE LOTION TOPICAL,  LINCOSAMIDE ANTIBACTERIAL ,LOTION,TOPICAL,3696376E-7A81-4276-8B56-B13943CBA619,1989-05-31,CLINDAMYCIN PHOSPHATE,4628
15A29531-D197-48AF-BEA3-D60D0E4DBFA6,2013-02-01,CLOBETASOL PROPIONATE,"CLOBETASOL PROPIONATE AEROSOL, FOAM TOPICAL", CORTICOSTEROID ,AEROSOL  FOAM,TOPICAL,C5337D48-36F3-47EC-BD06-F7F7C8B65C0C,2005-09-15,OLUX,2696
DF79A35C-CE5C-452E-B81E-50A014FC94F4,1996-09-30,CLOBETASOL PROPIONATE,CLOBETASOL PROPIONATE CREAM TOPICAL, CORTICOSTEROID ,CREAM,TOPICAL,39BA18DC-0927-4DD5-ADC6-BAACC08CE3A1,1985-12-27,TEMOVATE,3930
C2FE3323-7CFD-47B2-9695-AC39AE559F44,2010-06-07,CLOBETASOL PROPIONATE,CLOBETASOL PROPIONATE GEL TOPICAL, CORTICOSTEROID ,GEL,TOPICAL,7675B274-767C-48C5-97EF-A53CBD5BE28A,1994-04-29,TEMOVATE,5883
876310B0-B294-460D-91C9-43E2654964CB,2012-07-02,CLOBETASOL PROPIONATE,CLOBETASOL PROPIONATE LOTION TOPICAL, CORTICOSTEROID ,LOTION,TOPICAL,9B1B5E9D-FF0C-4AB0-BDDC-E339655AF9DB,2003-08-01,CLOBEX,3258
B6B530B3-5218-4838-ADEE-08E477757B98,2010-06-07,CLOBETASOL PROPIONATE,CLOBETASOL PROPIONATE OINTMENT TOPICAL, CORTICOSTEROID ,OINTMENT,TOPICAL,39BA18DC-0927-4DD5-ADC6-BAACC08CE3A1,1985-12-27,TEMOVATE,8928
07A32420-C209-43BE-A7F5-753F5AB44CE4,2014-06-22,CLOBETASOL PROPIONATE,CLOBETASOL PROPIONATE SHAMPOO TOPICAL, CORTICOSTEROID ,SHAMPOO,TOPICAL,5FE51E0D-1E86-49CE-855B-10BB75B91C45,2004-03-01,CLOBEX,3765
49860A2F-92F2-4DA8-B78F-0EFC005D725A,1999-08-30,CLOMIPHENE CITRATE,CLOMIPHENE CITRATE TABLET ORAL, ANTAGONIST ,TABLET,ORAL,7C88E727-566C-47EA-9BB0-76B52E2D987F,1967-02-01,CLOMIPHENE CITRATE,11898
37BE8BF7-3B24-48AC-A562-9021BD622320,2014-06-01,CLONAZEPAM,CLONAZEPAM TABLET ORAL, BENZODIAZEPINE ,TABLET,ORAL,F1A6F8FD-5084-4574-9AF3-682B14DBD605,1975-06-02,KLONOPIN,14244
B1A54636-97B1-4221-BCF2-F6135A18DEC9,2005-03-29,CYCLOSPORINE,CYCLOSPORINE CAPSULE ORAL, CALCINEURIN INHIBITOR IMMUNOSUPPRESSANT ,CAPSULE  LIQUID FILLED,ORAL,44916161-F61E-4DD9-8D68-D088FDBCFCEC,1990-03-02,SANDIMMUNE,5506
4E33A7BF-17B9-4A58-8A92-1EFD3D3B59AC,2005-02-09,CYCLOSPORINE,CYCLOSPORINE SOLUTION ORAL, CALCINEURIN INHIBITOR IMMUNOSUPPRESSANT ,SOLUTION,ORAL,44916161-F61E-4DD9-8D68-D088FDBCFCEC,1983-11-14,SANDIMMUNE,7758
5FB2CFEE-EC89-4FFE-95F7-A04F0EAE65E9,2006-05-09,DESIPRAMINE HYDROCHLORIDE,DESIPRAMINE HYDROCHLORIDE TABLET ORAL, TRICYCLIC ANTIDEPRESSANT ,TABLET  FILM COATED,ORAL,D4068D3C-8A8E-464E-8298-99C2C38056E2,1964-11-20,NORPRAMIN,15145
8C63EC87-8A49-49B3-82AC-0672EA0D8764,2012-07-01,DESLORATADINE,DESLORATADINE TABLET ORAL, 1 RECEPTOR ANTAGONIST ,TABLET,ORAL,14AD0485-2A57-43C6-BDF4-561C7FE9A755,2001-12-21,CLARINEX,3845
7F3FE422-471D-4136-82EF-8A5C1C9451EF,2012-04-14,DESMOPRESSIN ACETATE,DESMOPRESSIN ACETATE SOLUTION NASAL, FACTOR VIII ACTIVATOR ; VASOPRESSIN ANALOG ,SOLUTION,NASAL,B1B1E14C-AFBA-44C1-A384-5AAE6A624046,1978-02-21,DDAVP,12471
971DBDFB-EB5E-47CA-8443-82F067F62BB7,1999-01-25,DESMOPRESSIN ACETATE,"DESMOPRESSIN ACETATE SPRAY, METERED NASAL", FACTOR VIII ACTIVATOR ; VASOPRESSIN ANALOG ,SOLUTION,NASAL,5A42E2BC-8DDF-4AE3-BEC5-B5043A94FD7C,1978-02-21,DDAVP,7643
C7C57F26-7675-44AD-93DD-AE9C757DB230,2011-08-15,DESMOPRESSIN ACETATE,DESMOPRESSIN ACETATE TABLET ORAL, FACTOR VIII ACTIVATOR ; VASOPRESSIN ANALOG ,TABLET,ORAL,F1879D97-AF32-42A8-81F2-1374FEA9592D,1995-09-06,DDAVP,5822
93099C25-5A99-4140-8837-120AB66570B4,2003-03-10,DESOGESTREL ETHINYL ESTRADIOL,DESOGESTREL; ETHINYL ESTRADIOL TABLET ORAL-28,,KIT,,61A352E3-B8C9-40C5-8322-124D919C30C5,1992-12-14,ORTHO CEPT,3738
4EFF4778-6AE6-4727-821D-66DF5683DD9B,1992-06-30,DESONIDE,DESONIDE CREAM TOPICAL, CORTICOSTEROID ,CREAM,TOPICAL,B0A573EA-853C-4A47-9863-B3BEDB6F41CF,1984-12-14,DESOWEN,2755
2DD6A1D1-1076-4B94-BF74-5D900A0C6C18,2010-10-19,DESONIDE,DESONIDE OINTMENT TOPICAL, CORTICOSTEROID ,OINTMENT,TOPICAL,72C76CF5-5886-4571-AD5B-3AB9869DDAC2,2006-06-21,DESONIDE,1581
AF7EE196-B07A-45E3-8122-CC498A01E486,2013-06-03,TOBRAMYCIN DEXAMETHASONE,DEXAMETHASONE; TOBRAMYCIN SUSPENSION/DROPS OPHTHALMIC, CORTICOSTEROID ; AMINOGLYCOSIDE ANTIBACTERIAL ,SUSPENSION/ DROPS,OPHTHALMIC,330AC1F7-D583-454D-96BF-37C5AF31A369,1988-08-18,TOBRADEX,9055
70333876-DB42-42DE-B737-874ADFD32001,2013-11-19,DEXMETHYLPHENIDATE HYDROCHLORIDE,"DEXMETHYLPHENIDATE HYDROCHLORIDE CAPSULE, EXTENDED RELEASE ORAL", CENTRAL NERVOUS SYSTEM STIMULANT ,CAPSULE  EXTENDED RELEASE,ORAL,681D195A-A04B-4E02-9577-C44BF48E323E,2005-05-31,FOCALIN,3094
9FC8399C-25AA-492F-BC7B-596CBAE4D39C,2005-11-30,DEXTROAMPHETAMINE SULFATE,"DEXTROAMPHETAMINE SULFATE CAPSULE, EXTENDED RELEASE ORAL", CENTRAL NERVOUS SYSTEM STIMULANT ,CAPSULE  EXTENDED RELEASE,ORAL,E1601D0B-F123-4C6A-98B5-C563C9BF2D0A,1976-08-02,DEXEDRINE,10712
A5204F71-A020-95BA-5E1A-85DAFDBF47B4,2006-03-20,DICLOFENAC POTASSIUM,DICLOFENAC POTASSIUM TABLET ORAL, INFLAMMATORY DRUG ,TABLET  FILM COATED,ORAL,CC6C7862-52FD-4DDD-A61D-2699517F9F1B,1993-11-24,CATAFLAM,4499
352DA3E2-2786-424B-9C9F-47B9948BC64A,2013-11-21,DICLOFENAC SODIUM,DICLOFENAC SODIUM GEL TOPICAL, INFLAMMATORY DRUG ,GEL,TOPICAL,E2B35C82-E003-4D31-9ED8-5593EB08B733,2000-10-16,SOLARAZE,4784
01CE5C48-C16F-48A4-83CA-583A7CD79795,2012-11-01,DICLOFENAC SODIUM MISOPROSTOL,"DICLOFENAC SODIUM; MISOPROSTOL TABLET, DELAYED RELEASE ORAL", INFLAMMATORY DRUG ; PROSTAGLANDIN E1 ANALOG ,TABLET  DELAYED RELEASE,ORAL,E931B48A-658D-4A2E-9E63-7094421D29C7,1997-12-24,ARTHROTEC,5426
0C4BE953-ACEC-4B92-AB21-D7E2AEC9E818,2004-03-02,DICLOFENAC SODIUM,"DICLOFENAC SODIUM TABLET, EXTENDED RELEASE ORAL", INFLAMMATORY DRUG ,TABLET  EXTENDED RELEASE,ORAL,BD95D8D8-0041-4BEC-9F63-18039B1404D8,1996-03-08,VOLTAREN,2916
0B26D604-2008-4DE8-B307-7F6D6E7E3188,1974-09-30,DICYCLOMINE HYDROCHLORIDE,DICYCLOMINE HYDROCHLORIDE CAPSULE ORAL, ANTICHOLINERGIC ,CAPSULE,ORAL,1429A692-C49B-456C-9202-9A666041C916,1950-05-11,BENTYL,8908
CFC33579-95E6-49F5-BCE9-E185F9CA994A,2015-05-13,DICYCLOMINE HYDROCHLORIDE,DICYCLOMINE HYDROCHLORIDE TABLET ORAL, ANTICHOLINERGIC ,TABLET,ORAL,1429A692-C49B-456C-9202-9A666041C916,1950-05-11,BENTYL,23743
D065D7CF-BC3E-4C46-B63C-2544C8D25B6D,2008-09-24,DIDANOSINE,"DIDANOSINE CAPSULE, DELAYED REL PELLETS ORAL", HUMAN IMMUNODEFICIENCY VIRUS NUCLEOSIDE ANALOG REVERSE TRANSCRIPTASE INHIBITOR ,CAPSULE  DELAYED RELEASE,ORAL,83F4464B-9548-459C-9E47-1EF47B73C35C,2000-10-31,VIDEX EC,2885
6DEF5886-4FE2-4A5D-A955-C17F370449EF,2011-10-24,DIETHYLPROPION HYDROCHLORIDE,"DIETHYLPROPION HYDROCHLORIDE TABLET, EXTENDED RELEASE ORAL",  SYMPATHOMIMETIC AMINE ANORECTIC ,TABLET  EXTENDED RELEASE,ORAL,07192E49-AC9C-4F5F-833A-DFFCF3762F16,1960-11-17,DIETHYLPROPION HCL CONTROLLED-RELEASE,18603
51925501-AB5B-4E12-A67E-EC2B4B592E83,2009-06-10,DIGOXIN,DIGOXIN TABLET ORAL, CARDIAC GLYCOSIDE ,TABLET,ORAL,E61563AA-D806-433A-9F31-4681516AFA4E,1984-07-02,LANOXIN,9109
183DE344-D0D0-0E30-9936-3DA47254E30C,2014-01-09,DILTIAZEM HYDROCHLORIDE,"DILTIAZEM HYDROCHLORIDE CAPSULE, EXTENDED RELEASE ORAL",  CALCIUM CHANNEL BLOCKER ,CAPSULE  EXTENDED RELEASE,ORAL,945B27E6-D3EB-419C-9869-440BEF54ED31,1992-05-29,DILACOR,7895
4C3E2BBE-6A22-45AD-BE50-3BA6281A6D07,2011-09-30,DILTIAZEM HYDROCHLORIDE,DILTIAZEM HYDROCHLORIDE TABLET ORAL,  CALCIUM CHANNEL BLOCKER ,TABLET  FILM COATED,ORAL,97D155CA-A675-4AEB-A57A-ED74CB8E91E9,2010-12-25,CARDIZEM,279
20D311F1-430F-48B7-BE0E-B5964118E397,2007-02-13,DIPYRIDAMOLE,DIPYRIDAMOLE TABLET ORAL,  PLATELET AGGREGATION INHIBITOR ,TABLET  FILM COATED,ORAL,64DF3878-9783-4FE3-86C0-AE13B29AF8AB,1999-06-01,PERSANTINE,2814
B4C34921-CF4E-40F8-9631-87F7C0B5D875,1985-05-31,DISOPYRAMIDE PHOSPHATE,DISOPYRAMIDE PHOSPHATE CAPSULE ORAL, ANTIARRHYTHMIC ,CAPSULE,ORAL,C4FAA477-F97C-41D6-8BD7-6E095EC75067,1977-09-01,NORPACE,2829
24552CF7-B191-4553-AD0A-3EBD211D2D16,2012-07-24,DIVALPROEX SODIUM,"DIVALPROEX SODIUM CAPSULE, DELAYED REL PELLETS ORAL", EPILEPTIC AGENT ; MOOD STABILIZER ,CAPSULE,ORAL,568AE73A-0BD5-9400-3680-5D669FDD521D,1989-09-12,DEPAKOTE,8351
BF372A2F-7F7C-45DC-963C-083C87FEB354,2008-07-31,DIVALPROEX SODIUM,"DIVALPROEX SODIUM TABLET, DELAYED RELEASE ORAL", EPILEPTIC AGENT ; MOOD STABILIZER ,TABLET  DELAYED RELEASE,ORAL,74C24779-44E4-F7D3-6F0B-08092138E5AF,1983-03-10,DEPAKOTE,9275
508112E7-21CE-4EDB-99BE-E594B9D9D189,2009-01-29,DIVALPROEX SODIUM,"DIVALPROEX SODIUM TABLET, EXTENDED RELEASE ORAL", EPILEPTIC AGENT ; MOOD STABILIZER ,TABLET  FILM COATED  EXTENDED RELEASE,ORAL,6C78C610-A99C-67B7-1607-6D187E5F3BC5,2000-08-04,DIVALPROEX SODIUM,3100
E5A41FF4-FA0D-4932-B1D8-E9F39F7A2FCC,2011-11-01,DONEPEZIL HYDROCHLORIDE,DONEPEZIL HYDROCHLORIDE TABLET ORAL, CHOLINESTERASE INHIBITOR ,TABLET  FILM COATED,ORAL,336EDF41-E455-4672-A319-5EA304D18F06,1996-11-25,ARICEPT,5454
85C781EB-50E3-4B52-8868-FF8064CBB700,2011-05-11,DONEPEZIL HYDROCHLORIDE,"DONEPEZIL HYDROCHLORIDE TABLET, ORALLY DISINTEGRATING ORAL", CHOLINESTERASE INHIBITOR ,TABLET  ORALLY DISINTEGRATING,ORAL,F9BCAC55-5B0A-4213-89BD-7D6D30CA76E2,2004-10-18,DONEPEZIL HYDROCHLORIDE,2396
3A0919FA-3FF5-43D9-BF37-2DA671C34BF2,2014-12-15,DOXERCALCIFEROL,DOXERCALCIFEROL CAPSULE ORAL,  VITAMIN D2 ANALOG ,CAPSULE,ORAL,5DD79673-1791-4567-90BF-A31807E2F4E7,2009-08-03,HECTOROL,1960
F32E5964-B2D6-4753-9CAC-6AF3BAECDEEB,2013-02-05,DOXORUBICIN HYDROCHLORIDE,"DOXORUBICIN HYDROCHLORIDE INJECTABLE, LIPOSOMAL INJECTION", ANTHRACYCLINE TOPOISOMERASE INHIBITOR ,INJECTABLE  LIPOSOMAL,INTRAVENOUS,C7A01CD9-FCC7-411D-913F-D8DBBC6AD5C1,1995-11-17,DOXIL,6290
CFE151B3-7FD9-4B93-A3D3-3164A2091D74,2000-12-01,DOXYCYCLINE,DOXYCYCLINE CAPSULE ORAL,,CAPSULE,ORAL,801944A0-D797-11E3-9C1A-0800200C9A66,1989-12-29,MONODOX,3990
05D2AE3A-7007-421D-92C7-F219BB3A17BC,2008-07-16,DOXYCYCLINE,DOXYCYCLINE FOR SUSPENSION ORAL,,POWDER  FOR SUSPENSION,ORAL,9BE7F81B-7DA5-4ADE-BCB0-0CAE902B52AF,1967-12-06,VIBRAMYCIN MONOHYDRATE,14833
05A17F94-218E-49AA-9D33-6A0D832F40B2,2014-09-15,DOXYCYCLINE HYCLATE,DOXYCYCLINE HYCLATE CAPSULE ORAL,,TABLET,ORAL,9BE7F81B-7DA5-4ADE-BCB0-0CAE902B52AF,1967-12-05,VIBRAMYCIN HYCLATE,17086
D3AE47C9-893C-41B8-B2A0-38F5FB3C1A31,2011-11-01,DRONABINOL,DRONABINOL CAPSULE ORAL, CANNABINOID ,CAPSULE  LIQUID FILLED,ORAL,D7500C0A-4E64-462A-95B3-B0D1D33F2FBB,1994-08-11,DRONABINOL,6291
F1A8F418-9B7F-49F3-85E7-1AF0607237BC,2014-07-30,DROSPIRENONE ETHINYL ESTRADIOL,DROSPIRENONE; ETHINYL ESTRADIOL TABLET ORAL,,KIT,,0ED216AB-0C5E-4E77-8170-114A2C530AE7,2006-03-16,YAZ,3058
E564A349-C386-4EF8-98F6-652CA5C8250E,2011-03-28,DROSPIRENONE ETHINYL ESTRADIOL,DROSPIRENONE; ETHINYL ESTRADIOL TABLET ORAL-28,,KIT,,425BE71D-812E-4A54-8DEA-BB27EB6B4ECF,2001-05-11,YASMIN,3608
53DF64FC-7FEC-4C14-8FE3-C6A128BE814A,2014-06-09,DULOXETINE,"DULOXETINE HYDROCHLORIDE CAPSULE, DELAYED REL PELLETS ORAL",  SEROTONIN AND NOREPINEPHRINE REUPTAKE INHIBITOR ,CAPSULE  DELAYED RELEASE,ORAL,2614D82D-3649-45C1-A518-AE89CFF840C2,2004-08-24,CYMBALTA,3576
2A6665B4-9CCD-4778-913A-E7D805250D0C,2012-09-11,ESCITALOPRAM,ESCITALOPRAM OXALATE TABLET ORAL, SEROTONIN REUPTAKE INHIBITOR ,TABLET,ORAL,02194826-72A8-4436-9ADE-E36FA5BB99DA,2002-08-14,LEXAPRO,3681
6B062F20-7F3A-4161-B245-309FF37EF20F,2003-06-09,ESTRADIOL,"ESTRADIOL FILM, EXTENDED RELEASE TRANSDERMAL",  ESTROGEN ,PATCH,TRANSDERMAL,22FEFB12-F7D4-4FFA-A346-EF39A3F37EA3,1994-12-22,CLIMARA,3091
C8DEA98B-89AE-411A-914A-B1ACC48129AF,2014-06-02,ESTRADIOL NORETHINDRONE ACETATE,ESTRADIOL; NORETHINDRONE ACETATE TABLET ORAL,  ESTROGEN ; PROGESTIN ,TABLET,ORAL,E0014A26-EA9D-4243-889B-B532A551ABD0,2003-07-22,ACTIVELLA,3968
EF58E1BD-F9F8-4474-853C-FE46A5FF26B4,2009-07-04,ETHAMBUTOL HYDROCHLORIDE,ETHAMBUTOL HYDROCHLORIDE TABLET ORAL, ANTIMYCOBACTERIAL ,TABLET,ORAL,F8939D3C-F0F7-4FB3-BAF6-6B150C426F50,2006-12-15,ETHAMBUTOL HYDROCHLORIDE,932
700D3A1A-D9F9-4B5B-9910-6AD520680A63,2006-09-06,LEVONORGESTREL ETHINYL ESTRADIOL,ETHINYL ESTRADIOL; LEVONORGESTREL TABLET ORAL,,KIT,ORAL,106A1084-010C-4F7D-AE63-5C6623E10A78,2003-10-13,JOLESSA,1059
AF85D966-90FD-45A8-AA3E-1A5F37C8E55C,2014-04-16,NORELGESTROMIN ETHINYL ESTRADIOL,"ETHINYL ESTRADIOL; NORELGESTROMIN FILM, EXTENDED RELEASE TRANSDERMAL",  PROGESTIN ; ESTROGEN ,PATCH,TRANSDERMAL,26B132A9-B2F0-44FE-8F4D-DB966CEB193A,2001-11-20,ORTHO EVRA,4530
FC222757-F28B-442F-899D-7BF8BAF2D104,2015-05-29,NORETHINDRONE ACETATE ETHINYL ESTRADIOL FERROUS FUMARATE,ETHINYL ESTRADIOL; NORETHINDRONE ACETATE TABLET ORAL,,KIT,,136053E4-D7E9-40AA-996D-3E799CE13978,2006-03-01,LOESTRIN 24 FE,3376
F29EBCB5-7E65-4092-BFAA-F5EC026FC255,2014-06-30,NORETHINDRONE ACETATE ETHINYL ESTRADIOL FERROUS FUMARATE,ETHINYL ESTRADIOL; NORETHINDRONE ACETATE TABLET ORAL-28,,KIT,,35B96D7B-580D-4978-ACE2-588DE3F216AB,2005-04-19,ESTROSTEP FE,3359
EC18A584-38A3-4704-A575-C710CC7A262E,2015-04-01,NORETHINDRONE ETHINYL ESTRADIOL FERROUS FUMARATE,"ETHINYL ESTRADIOL; NORETHINDRONE TABLET, CHEWABLE ORAL",,KIT,,D4F52DD5-E715-408D-800F-4E558A7263F5,2006-11-01,FEMCON FE,3073
AEF7FEB4-3736-4AC6-9083-3962BD4B4A19,2001-06-13,NORETHINDRONE ETHINYL ESTRADIOL,ETHINYL ESTRADIOL; NORETHINDRONE TABLET ORAL-21,  PROGESTIN ; ESTROGEN ,TABLET,ORAL,8B5E1C8C-BDD2-46FB-96D8-C1CF68A7ABBC,1974-12-27,NORINYL,9665
6B8F759F-9C17-497D-B914-BCFB12D055CF,2006-10-16,NORETHINDRONE ETHINYL ESTRADIOL,ETHINYL ESTRADIOL; NORETHINDRONE TABLET ORAL-28,,KIT,,8B5E1C8C-BDD2-46FB-96D8-C1CF68A7ABBC,1974-12-27,NORINYL,11616
94036A51-72BC-4FAD-9AAA-D997D3D3880E,2012-08-22,NORGESTIMATE ETHINYL ESTRADIOL,ETHINYL ESTRADIOL; NORGESTIMATE TABLET ORAL-28,,KIT,,3B03509D-410B-4C97-8924-1664265065A2,1989-12-29,ORTHO TRI CYCLEN,8272
45F05E2E-EC00-9FB8-78EA-9E91BAD9D29D,2014-07-25,EXEMESTANE,EXEMESTANE TABLET ORAL, AROMATASE INHIBITOR ,TABLET,ORAL,55DE4EB7-606A-4F33-BD2B-21EAD32406FF,1999-10-21,AROMASIN,5391
E0994AB8-DB98-E09F-5FDA-2C85FDF85972,2012-01-04,FAMCICLOVIR,FAMCICLOVIR TABLET ORAL,  HERPESVIRUS NUCLEOSIDE ANALOG DNA POLYMERASE INHIBITOR ,TABLET  FILM COATED,ORAL,EE40D8E6-2255-4F1A-B827-FFD42DF97B59,1994-06-29,FAMVIR,6398
A8010E10-68FD-455F-968F-D62A1C3E0FFD,2010-05-27,FAMOTIDINE,FAMOTIDINE FOR SUSPENSION ORAL, 2 RECEPTOR ANTAGONIST ,POWDER  FOR SUSPENSION,ORAL,494420BD-50DF-47F5-A243-116042BE6042,1987-06-01,PEPCID,8396
7BE0DBAC-8282-4A41-B2AD-577DEAE16712,2001-04-16,FAMOTIDINE,FAMOTIDINE TABLET ORAL, 2 RECEPTOR ANTAGONIST ,TABLET  FILM COATED,ORAL,7F32F730-264C-4D55-9141-F25FBD0D54DA,1986-10-15,PEPCID,5297
60ECF837-2152-4BF6-8431-5DE99514CE2D,2011-12-16,FELBAMATE,FELBAMATE SUSPENSION ORAL, EPILEPTIC AGENT ,SUSPENSION,ORAL,1F3AAD90-0BDE-11E1-BE50-0800200C9A66,1993-07-29,FELBATOL,6714
95DBC5F9-1253-4164-AD97-62249B751FB0,2011-09-16,FELBAMATE,FELBAMATE TABLET ORAL, EPILEPTIC AGENT ,TABLET,ORAL,1F3AAD90-0BDE-11E1-BE50-0800200C9A66,1993-07-29,FELBATOL,6623
FBE44827-E718-4224-93EE-F2F6AF831E05,2004-11-02,FELODIPINE,"FELODIPINE TABLET, EXTENDED RELEASE ORAL",  DIHYDROPYRIDINE CALCIUM CHANNEL BLOCKER ,TABLET  FILM COATED  EXTENDED RELEASE,ORAL,61F6ED30-F9DC-4CAA-A120-54969ED3091E,1991-09-16,PLENDIL,4796
5D0A9228-18E6-4BB7-B9E5-58F41FDCB22E,2009-11-20,FENOFIBRATE,FENOFIBRATE TABLET ORAL, PEROXISOME PROLIFERATOR RECEPTOR ALPHA AGONIST ,TABLET  COATED,ORAL,159645DF-CD6B-46A3-842B-2D50C920A8DE,2004-11-05,TRICOR,1841
25116E6A-3FE3-4E17-A594-9AA2D417A4F6,2009-09-18,FLUCONAZOLE,FLUCONAZOLE FOR SUSPENSION ORAL, AZOLE ANTIFUNGAL ,POWDER  FOR SUSPENSION,ORAL,58F31109-A89D-417E-AB2C-8AF569A85B6E,1993-12-23,FLUCONAZOLE,5748
36E187AA-5B20-433A-9355-8817083A21F6,2014-01-01,FLUCONAZOLE,FLUCONAZOLE TABLET ORAL, AZOLE ANTIFUNGAL ,TABLET,ORAL,E31C18EE-9FD8-40F9-871A-033F22369EE5,1990-01-29,DIFLUCAN,8738
01E8C52F-58A4-4924-B869-37967C0E2FCA,2011-07-15,FLUCYTOSINE,FLUCYTOSINE CAPSULE ORAL,  NUCLEOSIDE ANALOG ANTIFUNGAL ,CAPSULE,ORAL,64203AC0-DFAB-4A54-B457-008751007F5C,1971-11-26,ANCOBON,14476
12776F58-C571-438A-9FAE-9A6E002173C1,2014-07-14,FLUOCINONIDE,FLUOCINONIDE CREAM TOPICAL, CORTICOSTEROID ,CREAM,TOPICAL,89B8B3F8-AE11-4A39-AD11-91AA0FE3F2E3,1984-06-26,FLUOCINONIDE,10975
4D8F6F8F-A69A-48DB-8EE1-3B23989CB11F,2008-04-11,FLUOROURACIL,FLUOROURACIL CREAM TOPICAL,  NUCLEOSIDE METABOLIC INHIBITOR ,CREAM,TOPICAL,EFB688B0-6C8C-4315-9571-E6C5CEA022B0,1970-07-29,EFUDEX,13771
F289C11C-6761-4790-B9EF-5C3CC28E74F2,2011-10-13,FLUTICASONE PROPIONATE,FLUTICASONE PROPIONATE LOTION TOPICAL, CORTICOSTEROID ,LOTION,TOPICAL,5C10E339-B2FA-4485-A1D5-9A890802EB6C,2009-10-05,CUTIVATE,738
3E710670-B72C-4A84-8C52-3EBAE8783A32,2012-01-18,FLUTICASONE PROPIONATE,"FLUTICASONE PROPIONATE SPRAY, METERED NASAL", CORTICOSTEROID ,SPRAY  METERED,NASAL,31772EC3-5F40-42B7-8C65-ECBBD90340BF,1994-11-08,FLONASE,6280
3A755DCC-08E8-4965-8290-D3D4187D50F7,2013-03-19,FLUVASTATIN,FLUVASTATIN SODIUM CAPSULE ORAL, COA REDUCTASE INHIBITOR ,CAPSULE,ORAL,EE5808AB-44EB-4D3A-BBC8-C7950ACA0FC6,1993-12-30,LESCOL,7019
D728AC1A-D43A-4E40-B029-0796D261A628,2013-03-13,FLUVOXAMINE MALEATE,"FLUVOXAMINE MALEATE CAPSULE, EXTENDED RELEASE ORAL", SEROTONIN REUPTAKE INHIBITOR ,CAPSULE  EXTENDED RELEASE,ORAL,FE0DF22B-33C7-496C-B6C8-A16691AF4F62,2008-02-28,LUVOX CR,1840
8E5A1B85-9468-4DC3-94B8-06CDA657D5B3,2009-01-29,FUROSEMIDE,FUROSEMIDE TABLET ORAL,  LOOP DIURETIC ,TABLET,ORAL,0980536D-7652-41A6-A618-8A708D9AC695,1966-07-01,LASIX,15553
C0D37C7C-05E5-401F-91E5-C4D644FBF1E7,2010-12-01,GABAPENTIN,GABAPENTIN CAPSULE ORAL, EPILEPTIC AGENT ,CAPSULE,ORAL,B3EEC2C8-1981-4343-BA5D-006D615CB092,1993-12-30,NEURONTIN,6180
0756B645-0741-4473-B777-7EE472358140,2011-10-06,GABAPENTIN,GABAPENTIN TABLET ORAL, EPILEPTIC AGENT ,TABLET  FILM COATED,ORAL,7A468FB5-59FA-41AA-A82A-69B9D3FEA8F4,1998-10-09,NEURONTIN,4745
DC7D53EB-5360-4CB7-A22C-99AD6ADF7FD9,2008-10-14,GALANTAMINE HYDROBROMIDE,"GALANTAMINE HYDROBROMIDE CAPSULE, EXTENDED RELEASE ORAL", CHOLINESTERASE INHIBITOR ,CAPSULE  EXTENDED RELEASE,ORAL,20115B06-225A-4C1E-BA4C-7ADE2CD0A7DE,2004-12-22,GALANTAMINE HYDROBROMIDE,1392
A0DC1A93-B7B8-4179-8EA7-CEECBE1EF243,2011-03-29,GALANTAMINE,GALANTAMINE HYDROBROMIDE TABLET ORAL, CHOLINESTERASE INHIBITOR ,TABLET  FILM COATED,ORAL,EA6968E3-6383-4FF1-8C81-E4A2FDFE749D,2001-02-28,RAZADYNE,3681
0B2C2616-3C2A-40C7-B158-16A35A500CB7,2013-01-01,GEMFIBROZIL,GEMFIBROZIL TABLET ORAL, PEROXISOME PROLIFERATOR RECEPTOR ALPHA AGONIST ,TABLET  FILM COATED,ORAL,6CBB392D-64A2-4CCD-98E5-69F7D5DA03C6,2004-03-30,LOPID,3199
8F226AA4-5B17-4832-81D8-D24BA08DFCD6,2013-01-08,PIOGLITAZONE HYDROCHLORIDE GLIMEPIRIDE,GLIMEPIRIDE; PIOGLITAZONE HYDROCHLORIDE TABLET ORAL, PEROXISOME PROLIFERATOR RECEPTOR ALPHA AGONIST ; PEROXISOME PROLIFERATOR RECEPTOR GAMMA AGONIST ; THIAZOLIDINEDIONE ; SULFONYLUREA ,TABLET,ORAL,1A462239-8436-4314-99C6-26D438DE7529,2006-07-28,DUETACT,2356
F53CA6B3-1177-4876-B930-AEEE63CA7970,2013-06-13,GLIMEPIRIDE,GLIMEPIRIDE TABLET ORAL, SULFONYLUREA ,TABLET,ORAL,F5D5B7D9-1658-44EF-A7AD-040555AB36F5,2009-06-18,AMARYL,1456
6B01AD0E-72E9-423E-A542-26073A779A80,2003-11-07,GLIPIZIDE,"GLIPIZIDE TABLET, EXTENDED RELEASE ORAL", SULFONYLUREA ,TABLET  FILM COATED  EXTENDED RELEASE,ORAL,E0B0A85F-8400-43E6-8BC9-01BA651BD6C3,1994-04-26,GLUCOTROL,3482
6422B9C6-FA4B-4C80-8115-6C91E20F0B13,2006-08-07,GLIPIZIDE,GLIPIZIDE TABLET ORAL, SULFONYLUREA ,TABLET,ORAL,962C04DD-F3B6-4553-8CD9-927962F140A2,1984-05-08,GLUCOTROL,8126
88A4E935-DAC5-48D6-BEF2-7C823582D978,2007-06-14,GLYBURIDE METFORMIN HYDROCHLORIDE,GLYBURIDE; METFORMIN HYDROCHLORIDE TABLET ORAL, SULFONYLUREA ; BIGUANIDE ,TABLET  FILM COATED,ORAL,9DFF28CE-AA5F-47BA-88E6-7435BDCC3BBA,2002-05-31,GLUCOVANCE,1840
23616F0B-477F-4A9D-AF18-D0F977924F18,2013-05-28,GLYBURIDE,GLYBURIDE TABLET ORAL, SULFONYLUREA ,TABLET,ORAL,C74A7F01-05FA-4E3D-A165-962E50BE795A,1992-03-04,GLYNASE,7755
46F4EA39-838D-4845-B58E-1849B73671E5,2012-10-23,GRISEOFULVIN,"GRISEOFULVIN, ULTRAMICROSIZE TABLET ORAL",  TUBULIN INHIBITING AGENT ,TABLET,ORAL,1B0BEBD2-AB7F-4D13-84FC-9B1C5B97D96F,1975-04-16,GRIS-PEG,13705
6A12A175-287E-48AE-BD9B-B267E7E28567,2009-07-01,HYDROCHLOROTHIAZIDE,HYDROCHLOROTHIAZIDE CAPSULE ORAL,  THIAZIDE DIURETIC ,CAPSULE  GELATIN COATED,ORAL,79055D37-A4A3-435C-9C14-75436EA1A225,1996-12-27,HYDROCHLOROTHIAZIDE,4569
B595EA16-8CE5-41E2-B1CB-B451AC20BC90,2010-04-06,LOSARTAN POTASSIUM HYDROCHLOROTHIAZIDE,HYDROCHLOROTHIAZIDE; LOSARTAN POTASSIUM TABLET ORAL,  ANGIOTENSIN 2 RECEPTOR BLOCKER ; THIAZIDE DIURETIC ,TABLET  FILM COATED,ORAL,377B3679-29E3-4A57-BAF1-9761EA57EEFC,1995-04-28,HYZAAR,5457
364366B9-79AB-441D-8C90-D8713B5CF377,2013-09-17,METOPROLOL TARTRATE HYDROCHLOROTHIAZIDE,HYDROCHLOROTHIAZIDE; METOPROLOL TARTRATE TABLET ORAL, ADRENERGIC BLOCKER ; THIAZIDE DIURETIC ,TABLET,ORAL,D8964894-3CD8-41C1-A844-148D2EF38A88,1984-12-31,LOPRESSOR HCT,10487
BDBBB1D1-AAF6-4E36-8754-F5757B31303D,2014-03-20,MOEXIPRIL HYDROCHLORIDE HYDROCHLOROTHIAZIDE,HYDROCHLOROTHIAZIDE; MOEXIPRIL HYDROCHLORIDE TABLET ORAL, ANGIOTENSIN CONVERTING ENZYME INHIBITOR ; THIAZIDE DIURETIC ,TABLET  FILM COATED,ORAL,B2A9AE3D-5484-47E2-8EF9-32FC5977E044,1997-09-15,UNIRETIC,6030
CF020FE1-107A-CC73-9A4F-3AABA0382913,2013-03-12,QUINAPRIL HYDROCHLORIDE HYDROCHLOROTHIAZIDE,HYDROCHLOROTHIAZIDE; QUINAPRIL HYDROCHLORIDE TABLET ORAL, ANGIOTENSIN CONVERTING ENZYME INHIBITOR ; THIAZIDE DIURETIC ,TABLET  FILM COATED,ORAL,BB85E902-69F7-456D-AE00-6C3B2C533C3F,1999-12-28,QUINAPRIL HYDROCHLORIDE AND HYDROCHLOROTHIAZIDE,4823
10DAC2BE-519B-4541-9DB0-C7F5A1A9EEB4,1987-07-02,SPIRONOLACTONE HYDROCHLOROTHIAZIDE,HYDROCHLOROTHIAZIDE; SPIRONOLACTONE TABLET ORAL, ALDOSTERONE ANTAGONIST ; THIAZIDE DIURETIC ,TABLET,ORAL,38603D06-FC19-47C8-97DC-4A2C74C5E6C7,1978-01-01,SPIRONOLACTONE AND HYDROCHLOROTHIAZIDE,3469
ADC7952C-1462-4245-9866-31CF62788CD0,2014-02-27,TELMISARTAN HYDROCHLOROTHIAZIDE,HYDROCHLOROTHIAZIDE; TELMISARTAN TABLET ORAL,  ANGIOTENSIN 2 RECEPTOR BLOCKER ; THIAZIDE DIURETIC ,TABLET,ORAL,62F50E3F-EC1B-1BB0-0602-6BFBE431A36B,2000-12-01,MICARDIS HCT,4836
21C7FB80-4F9F-41EB-BEBB-EDA511980284,1997-06-05,TRIAMTERENE HYDROCHLOROTHIAZIDE,HYDROCHLOROTHIAZIDE; TRIAMTERENE CAPSULE ORAL, SPARING DIURETIC ; THIAZIDE DIURETIC ,CAPSULE,ORAL,7F36D5B8-7B3A-4190-865F-9FED31B84C9E,1994-03-30,DYAZIDE,1163
3A02772E-2E3B-4A93-AC78-59E5A45E4BDB,2014-04-07,TRIAMTERENE HYDROCHLOROTHIAZIDE,HYDROCHLOROTHIAZIDE; TRIAMTERENE TABLET ORAL, SPARING DIURETIC ; THIAZIDE DIURETIC ,TABLET,ORAL,0A3CEE1B-82E9-4EF9-82BD-EE57F3F117CB,1988-05-13,MAXZIDE,9460
AA299064-6192-4535-9563-90ADE020F591,2013-03-21,VALSARTAN HYDROCHLOROTHIAZIDE,HYDROCHLOROTHIAZIDE; VALSARTAN TABLET ORAL,  ANGIOTENSIN 2 RECEPTOR BLOCKER ; THIAZIDE DIURETIC ,TABLET  FILM COATED,ORAL,117C8047-5BA3-4BF5-A8A1-BA4B2936098F,1998-03-06,DIOVAN HCT,5494
A08366E3-412D-47C5-9FF4-B078D01BE6E7,2006-11-06,HYDROCODONE BITARTRATE IBUPROFEN,HYDROCODONE BITARTRATE; IBUPROFEN TABLET ORAL, OPIOID AGONIST ;INFLAMMATORY DRUG ,TABLET  FILM COATED,ORAL,A44897AA-F325-4F8D-BDEF-4E4591A14934,1997-09-23,VICOPROFEN,3331
2DEC7772-DDBF-11E2-A28F-0800200C9A66,2007-03-30,HYDROCORTISONE,HYDROCORTISONE TABLET ORAL, CORTICOSTEROID ,TABLET,ORAL,B045FFDB-E790-4C6D-8FE7-29E4EAA08A6B,1952-12-15,CORTEF,19828
9E7A9597-7BAC-4BD3-8D80-42F28A6BE26B,2014-05-21,HYDROMORPHONE HYDROCHLORIDE,"HYDROMORPHONE HYDROCHLORIDE TABLET, EXTENDED RELEASE ORAL",  OPIOID AGONIST ,TABLET  EXTENDED RELEASE,ORAL,6957A248-D0E0-478A-81CC-6A615F0AB9A1,2011-03-14,EXALGO,1164
155FE25A-9097-450D-9305-A361A4B96E63,2009-05-14,HYDROMORPHONE HYDROCHLORIDE,HYDROMORPHONE HYDROCHLORIDE TABLET ORAL,  OPIOID AGONIST ,TABLET,ORAL,4DABA60F-AF60-4C7E-916E-F2AD7E7532C5,1926-01-01,DILAUDID,30449
0FD8C46A-B0CD-52B3-E054-00144FF8D46C,2013-12-20,HYDROXYCHLOROQUINE SULFATE,HYDROXYCHLOROQUINE SULFATE TABLET ORAL, ANTIRHEUMATIC AGENT ,TABLET  FILM COATED,ORAL,C91C752E-AD6D-4B17-B1B5-2EDC8A86856C,1955-04-18,PLAQUENIL,21431
4F4032B3-82CD-B8B6-20FB-1474AEE9F154,2013-07-19,HYDROXYUREA,HYDROXYUREA CAPSULE ORAL, ANTIMETABOLITE ,CAPSULE,ORAL,5570C6A4-8C9E-4CBA-8D34-7B6FC656B05B,2009-06-01,DROXIA,1509
743B60D3-8DB7-49F0-A790-7FC0E18C408F,1996-06-15,HYDROXYZINE PAMOATE,HYDROXYZINE PAMOATE CAPSULE ORAL, ANTIHISTAMINE ,CAPSULE,ORAL,7C9A39FA-A05E-4952-9F96-D7668A0CBF10,1968-11-15,VISTARIL,10074
3F58BC84-87E3-DE91-F81D-D602C4DD2275,2012-06-21,IB RONATE SODIUM,IBANDRONATE SODIUM TABLET ORAL, BISPHOSPHONATE ,TABLET,ORAL,4B9CDD2E-F1B8-42F6-873D-583548DE3A1C,2002-07-15,BONIVA,3629
24B88C27-D096-4CAD-A7AD-90816842D5C0,2011-02-28,IMIQUIMOD,IMIQUIMOD CREAM TOPICAL,,CREAM,TOPICAL,701A9C03-0E53-8E42-64F8-08A79C98888B,2010-04-20,IMIQUIMOD,314
110AADA7-DFE8-4ECF-80C7-4DAC8907AD29,2011-04-12,INDOMETHACIN,INDOMETHACIN CAPSULE ORAL, INFLAMMATORY DRUG ,CAPSULE,ORAL,C0ED1C71-4F79-4F1B-BB1D-32CA7D88ED93,2010-07-30,INDOMETHACIN,256
C0650EF0-3B4F-44AA-83E9-70111FA25ED1,2007-01-24,IPRATROPIUM BROMIDE,"IPRATROPIUM BROMIDE SPRAY, METERED NASAL", ANTICHOLINERGIC ,SPRAY  METERED,NASAL,79DF3D6E-8985-4321-A3C5-29777AFECF07,1996-01-01,ATROVENT,4041
60077487-AEC7-4042-99EC-6F531BB31FDF,2010-01-19,KETOCONAZOLE,KETOCONAZOLE SHAMPOO TOPICAL, AZOLE ANTIFUNGAL ,SHAMPOO  SUSPENSION,TOPICAL,7DE681D5-B4F4-40A5-802A-4F08D36E1F60,1990-08-31,NIZORAL,7081
867FB3A7-615D-4E06-9A9C-1C6A0285BBC0,2012-03-21,LABETALOL HYDROCHLORIDE,LABETALOL HYDROCHLORIDE TABLET ORAL, ADRENERGIC BLOCKER ,TABLET  FILM COATED,ORAL,8D2825C1-C676-4A48-BB9F-E0E2B7CC9EE1,1984-05-31,TRANDATE,10156
604A8E53-939C-4DF7-8A43-069C5D3ECA89,2011-11-17,LAMIVUDINE,LAMIVUDINE TABLET ORAL, HEPATITIS B VIRUS NUCLEOSIDE ANALOG REVERSE TRANSCRIPTASE INHIBITOR ; HUMAN IMMUNODEFICIENCY VIRUS NUCLEOSIDE ANALOG REVERSE TRANSCRIPTASE INHIBITOR ,TABLET  FILM COATED,ORAL,8CB19AF7-54E2-48E2-942D-C13FCE0D86A7,1995-11-21,EPIVIR,5840
0AC4A1AC-3159-43AF-9B63-2A7E34B6C695,2015-01-09,LAMOTRIGINE,"LAMOTRIGINE TABLET, ORALLY DISINTEGRATING ORAL", EPILEPTIC AGENT ; MOOD STABILIZER ,TABLET  ORALLY DISINTEGRATING,ORAL,AF266E42-0312-4B48-9989-1E6721C41D90,2009-06-05,LAMICTAL,2044
672E3642-72B1-429F-868B-CA8937BB22C0,2014-01-01,LANSOPRAZOLE,"LANSOPRAZOLE CAPSULE, DELAYED REL PELLETS ORAL", PROTON PUMP INHIBITOR ,CAPSULE  DELAYED RELEASE PELLETS,ORAL,C022FC30-F1F0-47A3-9256-7DC078B547EA,1995-05-10,PREVACID,6811
03AB0FD4-FE51-4279-B5F6-437EF3808C17,2009-10-29,LEFLUNOMIDE,LEFLUNOMIDE TABLET ORAL, ANTIRHEUMATIC AGENT ,TABLET,ORAL,1D044024-733A-4C91-A415-035C4C7A47A1,1998-09-10,LEFLUNOMIDE,4067
053EB06E-D89A-4DCF-A86A-F9AD1077F52E,2011-06-04,LETROZOLE,LETROZOLE TABLET ORAL, AROMATASE INHIBITOR ,TABLET,ORAL,8822317C-1D65-4F19-BFA1-D7D9D5CF83E9,1997-07-31,FEMARA,5056
2EA79A3D-714D-431D-B120-6B391F22506F,2008-11-04,LEVETIRACETAM,LEVETIRACETAM TABLET ORAL,,TABLET  FILM COATED,ORAL,A48FC138-FA15-44F7-8EBC-E2A06CF7D2DF,2000-04-24,KEPPRA,3116
926D4FE4-5B4B-4FE9-AD30-106FDBED8F58,2004-09-20,LEVOCARNITINE,LEVOCARNITINE TABLET ORAL,  CARNITINE ANALOG ,TABLET,ORAL,B69697D2-06CB-4827-8616-3491475EEB5A,1985-12-27,CARNITOR,6842
E75A9F12-A554-45BA-ABF0-848A44CB8420,2010-11-26,LEVOCETIRIZINE DIHYDROCHLORIDE,LEVOCETIRIZINE DIHYDROCHLORIDE TABLET ORAL, 1 RECEPTOR ANTAGONIST ,TABLET,ORAL,226AF22F-7DD3-4C63-A40F-0C1635868D8E,2007-08-09,XYZAL,1205
350F3964-361E-4F5A-BA5E-4C7D2C3E8DFF,2011-03-10,LEVONORGESTREL,LEVONORGESTREL TABLET ORAL,  PROGESTIN ;CONTAINING INTRAUTERINE DEVICE ,TABLET,ORAL,541E86B5-EE7A-4F93-B67B-50611E8C4798,2003-08-14,PLAN B,2765
E02BED42-6498-4FB9-9ACD-A581DA1BBDA1,2013-09-15,LIDOCAINE,LIDOCAINE PATCH TOPICAL, AMIDE LOCAL ANESTHETIC ; ANTIARRHYTHMIC ,PATCH,CUTANEOUS,97CEDFCE-F32D-41C5-AA8E-293334C2E95F,1999-03-20,LIDODERM,5293
A3873B70-6319-4E2F-8C0B-5F07ECB6445F,2003-08-27,LIDOCAINE PRILOCAINE,LIDOCAINE; PRILOCAINE CREAM TOPICAL, AMIDE LOCAL ANESTHETIC ; ANTIARRHYTHMIC ; AMIDE LOCAL ANESTHETIC ,CREAM,TOPICAL,C4AE9EF5-3463-406A-8DD1-35CF8B7370B6,1992-12-30,EMLA,3892
001ABA90-99ED-41D6-8208-E7E66EE60331,2009-03-23,LIOTHYRONINE SODIUM,LIOTHYRONINE SODIUM TABLET ORAL, TRIIODOTHYRONINE ,TABLET,ORAL,9422351A-01F6-4EBC-8526-DEBEE0201C44,1956-05-08,CYTOMEL,19312
234EA375-5DF6-4E0E-B3BC-2A08FA5A0B11,2011-09-09,LISINOPRIL,LISINOPRIL TABLET ORAL,,TABLET,ORAL,A790B9B2-98CE-4A21-9F62-C1EFE3850054,1987-12-29,PRINIVIL,8655
5ABDFE59-F756-4142-A35F-434EAEAA4777,2003-03-01,LITHIUM CARBONATE,LITHIUM CARBONATE CAPSULE ORAL, MOOD STABILIZER ,CAPSULE,ORAL,332D9499-F831-4D29-9270-43370119D957,1980-11-26,LITHIUM CARBONATE,8130
116866CD-395C-40B4-8474-3935F44373CE,2011-04-13,LITHIUM CARBONATE,"LITHIUM CARBONATE TABLET, EXTENDED RELEASE ORAL", MOOD STABILIZER ,TABLET  EXTENDED RELEASE,ORAL,6E8385DA-1715-486C-ABF2-FA8E33350368,1979-04-27,LITHOBID,11674
E94F8416-29A7-46B7-9D6D-64CAFBD263BF,2010-07-08,LITHIUM CARBONATE,LITHIUM CARBONATE TABLET ORAL, MOOD STABILIZER ,TABLET,ORAL,9E91DCEB-800C-41AF-AB37-F9E8ECB30386,1982-01-29,LITHIUM CARBONATE,10387
0209BB1E-B8FA-4FA9-A533-4DDA028BD369,2011-03-29,LORAZEPAM,LORAZEPAM TABLET ORAL, BENZODIAZEPINE ,TABLET,ORAL,F4BA0D9C-B560-4983-ADDB-528071F99190,2010-03-16,ATIVAN,378
5A94FB1C-5069-4A84-963C-60E18C36CBC3,2010-04-06,LOSARTAN POTASSIUM,LOSARTAN POTASSIUM TABLET ORAL,  ANGIOTENSIN 2 RECEPTOR BLOCKER ,TABLET  FILM COATED,ORAL,8E86920E-1432-4EEE-AFF4-6736C217A829,1995-04-14,COZAAR,5471
5486FC32-EBD3-445F-AA68-85B1DF5620B3,2004-09-14,MEDROXYPROGESTERONE ACETATE,MEDROXYPROGESTERONE ACETATE INJECTABLE INJECTION,  PROGESTIN ,INJECTION  SUSPENSION,INTRAMUSCULAR,91B3473D-B95B-4B7D-A1D4-3FF2CB75A9B9,1992-10-29,MEDROXYPROGESTERONE ACETATE,4338
B5C4F918-796B-4542-976F-8166F3375771,1996-12-04,MEDROXYPROGESTERONE ACETATE,MEDROXYPROGESTERONE ACETATE TABLET ORAL,  PROGESTIN ,TABLET,ORAL,59D012E5-4ACA-402E-BFCD-D6C161EE0752,1959-06-03,MEDROXYPROGESTERONE ACETATE,13699
B1E5827A-02EE-4A88-B6EA-696842E3F012,2014-10-13,MEFENAMIC ACID,MEFENAMIC ACID CAPSULE ORAL, INFLAMMATORY DRUG ,CAPSULE,ORAL,6054A91F-3A44-4ACB-B7E7-DBDCB248AB04,1967-03-28,PONSTEL,17366
F58A6339-1143-4798-8DAA-9FED6B5636A1,2007-10-11,MESALAMINE,MESALAMINE ENEMA RECTAL, AMINOSALICYLATE ,ENEMA,RECTAL,D17D9288-BDC7-4280-B804-5D544C9B3855,1988-01-31,ROWASA,7193
56CF45CE-A692-486E-A961-3D53F18D418A,2013-05-31,METAXALONE,METAXALONE TABLET ORAL,  MUSCLE RELAXANT ,TABLET,ORAL,CB47D76E-A7E3-4BAC-8074-8D7E95C6A6EB,1962-08-13,SKELAXIN,18554
07FC196D-DF18-4AB2-91DF-E584CBD00398,2003-07-01,METHENAMINE HIPPURATE,METHENAMINE HIPPURATE TABLET ORAL,,TABLET,ORAL,E5D36C00-3C13-49CF-A507-5E748CF35682,1976-09-09,HIPREX,9791
46E54FCA-77B9-465B-9DA6-F5BE1D88D356,1994-08-01,METHOTREXATE SODIUM,METHOTREXATE SODIUM TABLET ORAL, FOLATE ANALOG METABOLIC INHIBITOR ,TABLET,ORAL,E8D20301-1AF3-4FCA-9280-3DD9FBFA20D3,1953-12-07,METHOTREXATE,14847
32B7B8D9-4AD2-415B-8B8B-CEE4E7815062,2014-06-13,METHOXSALEN,METHOXSALEN CAPSULE ORAL,  PHOTOACTIVATED RADICAL GENERATOR ; PSORALEN ,CAPSULE  LIQUID FILLED,ORAL,3882C95A-4BB1-438D-8316-06517316E351,1986-10-30,OXSORALEN-ULTRA,10088
AE88C94E-2E64-41C6-9E44-463A64956796,2012-09-27,METHYLPHENIDATE HYDROCHLORIDE,"METHYLPHENIDATE HYDROCHLORIDE CAPSULE, EXTENDED RELEASE ORAL", CENTRAL NERVOUS SYSTEM STIMULANT ,CAPSULE  EXTENDED RELEASE,ORAL,CF13CE24-423B-4E88-AAE4-849EEFBCC34C,2006-03-21,METADATE CD,2382
66BEC92C-3582-4AEB-97FE-6B78F83D95D6,2010-05-20,METHYLPHENIDATE HYDROCHLORIDE,"METHYLPHENIDATE HYDROCHLORIDE TABLET, EXTENDED RELEASE ORAL", CENTRAL NERVOUS SYSTEM STIMULANT ,TABLET  EXTENDED RELEASE,ORAL,880FD193-8FDC-4BA8-9491-0033CB2B7442,1982-03-31,METHYLPHENIDATE HYDROCHLORIDE,10277
E6CE1D8C-E996-4B57-B6B3-3F312B449886,2007-10-16,METHYLPHENIDATE HYDROCHLORIDE,METHYLPHENIDATE HYDROCHLORIDE TABLET ORAL, CENTRAL NERVOUS SYSTEM STIMULANT ,TABLET,ORAL,94248B05-CDEB-47D3-B656-D6A8A2864BA9,2000-03-10,RITALIN,2776
FAF608F3-A13D-4969-B1A6-BB0BC1DE2A8E,2009-03-05,METHYLPREDNISOLONE ACETATE,METHYLPREDNISOLONE ACETATE INJECTABLE INJECTION, CORTICOSTEROID ,INJECTION  SUSPENSION,INTRA-ARTICULAR; INTRALESIONAL; INTRAMUSCULAR; PARENTERAL; SOFT TISSUE,915001A5-1A6F-4EF1-B587-82BBA0E24844,1959-05-28,DEPO-MEDROL,18179
98D480DE-4089-477F-A049-0E09C59C5332,1997-10-31,METHYLPREDNISOLONE,METHYLPREDNISOLONE TABLET ORAL, CORTICOSTEROID ,TABLET,ORAL,BD47F3E5-58FF-4CF3-86BC-E5740D79C5D7,1957-10-24,MEDROL,14617
BE3A6D98-F920-4722-84D3-2593308FF1E0,2009-03-13,METOCLOPRAMIDE,METOCLOPRAMIDE HYDROCHLORIDE TABLET ORAL, 2 RECEPTOR ANTAGONIST ,TABLET,ORAL,F27F9EFD-87CB-4E4A-B207-78108F2059C4,2003-06-19,REGLAN,2094
01D61FF8-96A6-4940-9BAD-22CC0D7B5119,2015-04-06,METOCLOPRAMIDE HYDROCHLORIDE,"METOCLOPRAMIDE HYDROCHLORIDE TABLET, ORALLY DISINTEGRATING ORAL", 2 RECEPTOR ANTAGONIST ,TABLET  ORALLY DISINTEGRATING,ORAL,D4FDF8CC-562F-4395-B6DF-25FCBA814DD8,2009-09-04,METOZOLV,2040
A75A7B62-E163-4A4F-ADC2-2DB73F429239,2003-12-19,METOLAZONE,METOLAZONE TABLET ORAL, LIKE DIURETIC ,TABLET,ORAL,300EA7E5-489B-4878-AF45-136D14F560FF,1973-11-27,METOLAZONE,10979
739B089D-7FBA-414F-8B0E-8BDA890BC780,2011-08-23,METRONIDAZOLE,METRONIDAZOLE CAPSULE ORAL, NITROIMIDAZOLE ANTIMICROBIAL ,CAPSULE,ORAL,49AF4D12-8490-4579-8B44-F5ACCA80BB8A,1995-05-03,FLAGYL,5956
7991E21A-78A9-4853-9B25-70B7F684FE86,2004-05-28,METRONIDAZOLE,METRONIDAZOLE CREAM TOPICAL, NITROIMIDAZOLE ANTIMICROBIAL ,CREAM,TOPICAL,A7EF3281-BA9C-874B-2021-635FFAF17776,1995-09-20,METROCREAM,3173
030C1DB3-FBCE-4963-BC60-7438D927C8B4,2008-03-27,METRONIDAZOLE,METRONIDAZOLE LOTION TOPICAL, NITROIMIDAZOLE ANTIMICROBIAL ,LOTION,TOPICAL,12EBABB0-074A-CA50-13EC-0C6EBCA9D1D9,1998-11-24,METROLOTION,3411
481C16D5-BBA3-4FD7-B7BF-DF1339BDEEDC,2013-12-16,METRONIDAZOLE,METRONIDAZOLE TABLET ORAL, NITROIMIDAZOLE ANTIMICROBIAL ,TABLET,ORAL,44833E43-BD49-48C9-9DC7-E52341C8AFEF,1963-07-18,FLAGYL,18414
A8065D90-4130-414C-8B4B-17D5855067B8,2009-08-17,MIRTAZAPINE,MIRTAZAPINE TABLET ORAL,,TABLET  FILM COATED,ORAL,9190D145-507C-4D50-B838-2C7E6010DF0E,1996-06-14,REMERON,4812
10921342-1EE6-4276-BC76-19F139E4E29E,2005-12-08,MIRTAZAPINE,"MIRTAZAPINE TABLET, ORALLY DISINTEGRATING ORAL",,TABLET  ORALLY DISINTEGRATING,ORAL,1986BAAC-D5BD-4C1D-AC38-93B64A04B298,2001-01-12,REMERONSOLTAB,1791
7E01739F-E7DE-4A13-8300-E8A5ED8E54A8,2013-04-12,MISOPROSTOL,MISOPROSTOL TABLET ORAL, PROSTAGLANDIN E1 ANALOG ,TABLET,ORAL,F01449FE-8751-43B6-B1C2-89A7F920F2E2,1997-09-17,MISOPROSTOL,5686
2FCA5CF6-F0A0-42A4-9485-DE56F6AC8DBE,2003-05-08,MOEXIPRIL HYDROCHLORIDE,MOEXIPRIL HYDROCHLORIDE TABLET ORAL, ANGIOTENSIN CONVERTING ENZYME INHIBITOR ,TABLET  FILM COATED,ORAL,EC8857CA-39A4-47BA-868C-DFB38AC04EEC,1995-07-15,UNIVASC,2854
DC706733-71FF-40B2-95E0-AE3979A0EDBF,2004-12-21,MOMETASONE FUROATE,MOMETASONE FUROATE CREAM TOPICAL, CORTICOSTEROID ,CREAM,TOPICAL,67E46388-7259-43F8-9485-B7401B933E16,1987-05-06,ELOCON,6439
3DC60051-B720-ED6F-823C-69F0B35CD3A0,2014-03-04,MOMETASONE FUROATE,MOMETASONE FUROATE LOTION TOPICAL, CORTICOSTEROID ,SOLUTION,TOPICAL,44D631B1-6E50-4DCC-9028-18761EF21D1B,1989-03-30,ELOCON,9105
EEECAD4F-C932-4099-9448-674FBDC04E21,2011-11-10,MORPHINE SULFATE,"MORPHINE SULFATE CAPSULE, EXTENDED RELEASE ORAL",  OPIOID AGONIST ,CAPSULE  EXTENDED RELEASE,ORAL,23EA8C06-4E0C-4B34-9A93-BFEEDF62A4A0,2009-04-07,KADIAN,947
88EB898C-1691-44D7-A009-490CB71A476C,2014-02-19,MOXIFLOXACIN HYDROCHLORIDE,MOXIFLOXACIN HYDROCHLORIDE TABLET ORAL, QUINOLONE ANTIMICROBIAL ,TABLET  FILM COATED,ORAL,9F8D1B5B-3C75-4142-99F2-9AEE8867740F,1999-12-10,AVELOX,5185
71E95B4D-0DA9-4425-A3AD-790E1A0610AE,2013-01-24,MUPIROCIN,MUPIROCIN CALCIUM CREAM TOPICAL, RNA SYNTHETASE INHIBITOR ANTIBACTERIAL ,CREAM,TOPICAL,3AF46307-4513-44EF-BD33-2A4F36E9C192,1998-01-23,BACTROBAN,5480
E6CAB8F5-5983-4FA9-9891-3CD8E1B554C9,2009-10-30,MUPIROCIN,MUPIROCIN OINTMENT TOPICAL, RNA SYNTHETASE INHIBITOR ANTIBACTERIAL ,OINTMENT,TOPICAL,CCA46362-B208-4AEC-9B80-3392BEDD76C2,2000-04-07,BACTROBAN,3493
C0E3198C-2E41-44B8-AA53-0163E9A9A518,2010-11-06,MYCOPHENOLATE MOFETIL,MYCOPHENOLATE MOFETIL CAPSULE ORAL, ANTIMETABOLITE IMMUNOSUPPRESSANT ,CAPSULE,ORAL,23D74606-134C-464C-8323-9CF52BB3C5FA,1995-05-03,CELLCEPT,5666
673CEB5F-38EF-44E1-8DA9-F5F162EF8796,2014-11-17,MYCOPHENOLATE MOFETIL,MYCOPHENOLATE MOFETIL SUSPENSION ORAL, ANTIMETABOLITE IMMUNOSUPPRESSANT ,POWDER  FOR SUSPENSION,ORAL,A4B76F4B-BA8A-42C7-93BA-1C3935836A58,1998-08-12,CELLCEPT,5941
085FA99C-8795-4ABF-83CD-B0864F033D19,2014-12-15,MYCOPHENOLATE MOFETIL,MYCOPHENOLATE MOFETIL TABLET ORAL, ANTIMETABOLITE IMMUNOSUPPRESSANT ,TABLET,ORAL,A87232F9-E3D6-4AFA-96D4-9D1D45E11641,1997-06-19,CELLCEPT,6388
D7FBF301-0B08-4B19-BFA0-E0C0067CB5AB,2014-02-11,MYCOPHENILIC ACID,"MYCOPHENOLIC ACID TABLET, DELAYED RELEASE ORAL", ANTIMETABOLITE IMMUNOSUPPRESSANT ,TABLET  DELAYED RELEASE,ORAL,BB8AFA5F-A96D-47B4-B4D4-317B40EA7CA9,2004-02-27,MYFORTIC,3637
39A359C7-5D5F-4EF1-B83C-6343E6B5F5D3,1994-07-12,NADOLOL,NADOLOL TABLET ORAL, ADRENERGIC BLOCKER ,TABLET,ORAL,15C2B40B-81B9-404A-9D49-B30498C8D3EF,1979-12-10,CORGARD,5328
44A7E208-22DD-4C30-B945-FA388F7D2015,2014-09-30,NAPROXEN SODIUM,"NAPROXEN SODIUM TABLET, EXTENDED RELEASE ORAL", INFLAMMATORY DRUG ,TABLET  FILM COATED  EXTENDED RELEASE,ORAL,00EA44C7-97E5-426F-B0F2-8884E8BFA7DC,1996-04-01,NAPRELAN,6756
DED1F570-AB4B-499F-942E-60C87F04BD81,2007-04-26,NAPROXEN SODIUM,NAPROXEN SODIUM TABLET ORAL, INFLAMMATORY DRUG ,TABLET,ORAL,E3D235C8-7147-4DB6-A358-2B973A3C479A,1980-09-04,ANAPROX DS,9730
F12A82BB-DA8C-4EE0-A3E7-530B11FA4D98,2013-06-25,NAPROXEN,NAPROXEN SUSPENSION ORAL, INFLAMMATORY DRUG ,SUSPENSION,ORAL,E3D235C8-7147-4DB6-A358-2B973A3C479A,1987-03-23,NAPROSYN,9591
A44E613D-AD93-4C82-A7B8-2AC2CF1DC5AA,1998-02-18,NAPROXEN,"NAPROXEN TABLET, DELAYED RELEASE ORAL", INFLAMMATORY DRUG ,TABLET  DELAYED RELEASE,ORAL,E3D235C8-7147-4DB6-A358-2B973A3C479A,1994-10-14,EC-NAPROSYN,1223
14BB3FAB-B5F4-4BEE-B221-4C7207E74C48,2012-01-12,NAPROXEN,NAPROXEN TABLET ORAL, INFLAMMATORY DRUG ,TABLET,ORAL,E3D235C8-7147-4DB6-A358-2B973A3C479A,1976-03-11,NAPROSYN,13090
98EEAE65-0CA6-4C45-8554-02246907F6E9,2010-07-07,NARATRIPTAN,NARATRIPTAN HYDROCHLORIDE TABLET ORAL, 1D RECEPTOR AGONIST ,TABLET,ORAL,F1855CE2-1594-40E5-A007-D4E953451EFE,1998-02-26,AMERGE,4514
1CDFDDD4-25F2-484D-958E-2C6D6B825F98,2014-04-15,NEVIRAPINE,"NEVIRAPINE TABLET, EXTENDED RELEASE ORAL", NUCLEOSIDE ANALOG REVERSE TRANSCRIPTASE INHIBITOR ,TABLET  EXTENDED RELEASE,ORAL,49B74B5C-6D02-3ACA-1D53-C9D36D43D502,2011-04-11,VIRAMUNE,1100
87BED912-1BB0-4527-A25E-F4447BAF564C,2014-04-30,NEVIRAPINE,NEVIRAPINE TABLET ORAL, NUCLEOSIDE ANALOG REVERSE TRANSCRIPTASE INHIBITOR ,TABLET,ORAL,049DCD85-2836-454F-62DC-2E0632BEAD98,2001-08-01,VIRAMUNE,4655
D1B25C10-DDBB-4DD4-A380-D1436BB1A639,2014-03-20,NIACIN,"NIACIN TABLET, EXTENDED RELEASE ORAL", NICOTINIC ACID ,TABLET  EXTENDED RELEASE,ORAL,FDAA0D73-8FD1-3A6A-766C-4439369F12C7,1997-07-28,NIASPAN,6079
BE0AD7FD-6E38-496C-969C-7F4633295F20,2007-06-22,NIFEDIPINE,"NIFEDIPINE TABLET, EXTENDED RELEASE ORAL",  DIHYDROPYRIDINE CALCIUM CHANNEL BLOCKER ,TABLET  EXTENDED RELEASE,ORAL,96FFE344-126B-4092-A4EC-527A5E86DECB,1989-09-06,PROCARDIA,6498
7F03F98D-A04C-4315-954B-8D2B77443012,2011-01-28,NISOLDIPINE,"NISOLDIPINE TABLET, EXTENDED RELEASE ORAL", DIHYDROPYRIDINE CALCIUM CHANNEL BLOCKER ,TABLET  FILM COATED  EXTENDED RELEASE,ORAL,64A32A66-E695-4FA9-B0E3-DF33D91FFC4F,2009-09-01,NISOLDIPINE,514
6BA01CF7-C86F-46DD-B4F2-D639A356FC57,2011-03-24,NITROFURANTOIN,NITROFURANTOIN SUSPENSION ORAL, NITROFURAN ANTIBACTERIAL ,SUSPENSION,ORAL,F6B86432-7D20-4E90-92A1-EBC3599624A9,1953-12-23,NITROFURANTOIN,20910
46AAF794-84FD-4B03-87F9-63D0B6D08FC7,1996-08-30,NITROGLYCERIN,"NITROGLYCERIN FILM, EXTENDED RELEASE TRANSDERMAL", NITRATE VASODILATOR ,PATCH,TRANSDERMAL,A3925EC2-2C8E-4C48-B4DD-D7655F823173,1995-04-04,NITRO-DUR,514
36454040-1AFB-4363-8F2F-98FF29C82255,2013-09-20,NITROGLYCERIN,"NITROGLYCERIN SPRAY, METERED SUBLINGUAL", NITRATE VASODILATOR ,SPRAY,ORAL,901B3536-CAC1-4218-A1F5-B04FAD391918,2000-02-01,NITROLINGUAL PUMPSPRAY,4980
1DECE64D-34BB-4DA6-BB5D-84C294184998,2011-05-19,NORTRIPTYLINE HYDROCHLORIDE,NORTRIPTYLINE HYDROCHLORIDE CAPSULE ORAL, TRICYCLIC ANTIDEPRESSANT ,CAPSULE,ORAL,09EFB8B1-DCF6-4B85-920A-84037BDE93A5,2010-08-03,PAMELOR,289
2D0DDDE2-DFC5-4015-909F-447DB4641571,2012-05-01,OLANZAPINE,OLANZAPINE TABLET ORAL, ATYPICAL ANTIPSYCHOTIC ,TABLET  FILM COATED,ORAL,A3C9EA17-3793-494A-8B32-44E48F9F4503,1996-10-01,ZYPREXA,5691
9AF7A3D9-F526-4DA4-AE9B-14052331F757,2014-05-15,OLANZAPINE,"OLANZAPINE TABLET, ORALLY DISINTEGRATING ORAL", ATYPICAL ANTIPSYCHOTIC ,TABLET  ORALLY DISINTEGRATING,ORAL,EF1FF1D3-09BE-47EF-89A2-C7494215BE74,2000-06-01,ZYPREXA,5096
8146908C-2E09-41E8-891C-FE21452B2EBE,2014-04-07,OMEGA- -ACID ETHYL ESTERS,OMEGA-3-ACID ETHYL ESTERS CAPSULE ORAL, 3 FATTY ACID ,CAPSULE  LIQUID FILLED,ORAL,C41A930C-8678-4460-8E95-4E84309FE069,2008-10-21,LOVAZA,1994
D567A86F-1635-4449-83F3-2A01B76083CD,2015-03-30,OX ROLONE,OXANDROLONE TABLET ORAL,,TABLET,ORAL,74463F10-4123-4F16-BD59-29D234343193,2007-01-01,OXANDROLONE,3010
EA4C22FE-B199-4A94-8B7A-E95C2EBF43B5,2015-03-31,OXAPROZIN,OXAPROZIN TABLET ORAL, INFLAMMATORY DRUG ,TABLET,ORAL,C0BA0355-FF68-4459-BF42-C2DEC49D49B3,1992-10-29,DAYPRO,8188
5989F59B-7495-45ED-A245-1E404264175E,2009-12-14,OXCARBAZEPINE,OXCARBAZEPINE SUSPENSION ORAL, EPILEPTIC AGENT ,SUSPENSION,ORAL,00B78F8E-7E89-44F1-9136-62D211D37C48,2001-05-30,TRILEPTAL,3120
33C85CEB-DEA8-4E03-BE16-C577D2FF03E6,2007-10-09,OXCARBAZEPINE,OXCARBAZEPINE TABLET ORAL, EPILEPTIC AGENT ,TABLET,ORAL,00B78F8E-7E89-44F1-9136-62D211D37C48,2000-01-30,TRILEPTAL,2809
5CB537C1-C3CD-4612-9416-1329F9BD1E26,2007-05-11,OXYBUTYNIN CHLORIDE,"OXYBUTYNIN CHLORIDE TABLET, EXTENDED RELEASE ORAL", CHOLINERGIC MUSCARINIC ANTAGONIST ,TABLET  EXTENDED RELEASE,ORAL,03C5B3BD-62D0-4EEC-8387-14AD97A93BBA,2003-06-23,DITROPAN,1418
074BC74B-F2C1-4A35-BFED-C91F5DC5A726,2013-05-24,PANTOPRAZOLE SODIUM,"PANTOPRAZOLE SODIUM TABLET, DELAYED RELEASE ORAL", PROTON PUMP INHIBITOR ,TABLET  DELAYED RELEASE,ORAL,38F3B2A1-04DD-44BE-AE2A-4318806A4429,2011-11-17,PROTONIX,554
8EA3C966-FE36-4E4D-AC92-F2405437A513,2014-03-27,PARICALCITOL,PARICALCITOL CAPSULE ORAL,  VITAMIN D3 ANALOG ,CAPSULE  LIQUID FILLED,ORAL,D29C37D8-CB3D-4BF8-9274-02B840295484,2005-05-26,ZEMPLAR,3227
170F3FD1-7E6C-4705-8DEF-F9A8300CF9E2,2010-12-14,PHENELZINE SULFATE,PHENELZINE SULFATE TABLET ORAL, MONOAMINE OXIDASE INHIBITOR ,TABLET,ORAL,0CEE2696-2D79-4E66-919F-10563F612C0C,1961-06-09,NARDIL,18085
EE233D4F-DDA5-4EB0-8A4A-6EF722B40F1B,2009-08-10,PILOCARPINE HYDROCHLORIDE,PILOCARPINE HYDROCHLORIDE TABLET ORAL,  CHOLINERGIC RECEPTOR AGONIST ,TABLET  FILM COATED,ORAL,FB4810EC-D26F-429D-B87C-5898A7870169,1994-03-22,SALAGEN,5620
EA24099D-B8E8-4F00-80F0-655F9527F78F,2013-02-22,POTASSIUM CHLORIDE,"POTASSIUM CHLORIDE CAPSULE, EXTENDED RELEASE ORAL",  POTASSIUM SALT ,CAPSULE  EXTENDED RELEASE,ORAL,0DDA86E7-DA48-49BA-8FDB-102D546D35E6,2010-10-25,POTASSIUM CHLORIDE,851
B02D704E-E241-4ACF-97CA-1DB0CFF62AD0,2014-08-12,POTASSIUM CITRATE,"POTASSIUM CITRATE TABLET, EXTENDED RELEASE ORAL",  CALCULI DISSOLUTION AGENT ;COAGULANT ,TABLET  EXTENDED RELEASE,ORAL,09893986-19E0-4364-93BA-5FBC7E7D3EED,2010-09-15,UROCIT-K,1427
FA9982A1-2968-4CA4-9802-023BE77CE427,2014-06-17,PRAMIPEXOLE DIHYDROCHLORIDE,PRAMIPEXOLE DIHYDROCHLORIDE TABLET ORAL,  NONERGOT DOPAMINE AGONIST ,TABLET,ORAL,B7209593-912C-0C44-FAE6-DE079A696E5C,2004-01-01,MIRAPEX,3820
F6581324-A1DC-4E2E-BE05-871798920DEA,2014-12-08,PREDNISOLONE,"PREDNISOLONE SODIUM PHOSPHATE TABLET, ORALLY DISINTEGRATING ORAL", CORTICOSTEROID ,TABLET  ORALLY DISINTEGRATING,ORAL,07963F2F-7BB8-4F99-BD1B-738D501019EC,2006-06-01,ORAPRED,3112
EEAE39F6-9CEA-4044-944C-8AFE6713C0F2,2014-07-15,PROPRANOLOL HYDROCHLORIDE,"PROPRANOLOL HYDROCHLORIDE CAPSULE, EXTENDED RELEASE ORAL", ADRENERGIC BLOCKER ,CAPSULE  EXTENDED RELEASE,ORAL,1350786D-28A6-3B80-E054-00144FF8D46C,2013-11-18,PROPRANOLOL HYDROCHLORIDE,239
37114FE5-D4B0-4033-B055-454C31E9B412,2014-03-28,RALOXIFENE HYDROCHLORIDE,RALOXIFENE HYDROCHLORIDE TABLET ORAL, ANTAGONIST ,TABLET  FILM COATED,ORAL,C2C69A91-1BE5-4ADA-A0B9-E40E7FC1C474,2012-03-07,EVISTA,751
7EF5E23B-E5A0-441A-85D4-4B50A060EC9F,2008-06-18,RAMIPRIL,RAMIPRIL CAPSULE ORAL, ANGIOTENSIN CONVERTING ENZYME INHIBITOR ,CAPSULE,ORAL,8F510B69-5EFD-4D43-85D5-3D14E816FA15,1991-01-28,ALTACE,6351
684F45D1-A394-49A0-9114-AB6E6220BB97,2004-04-06,RIBAVIRIN,RIBAVIRIN CAPSULE ORAL,  NUCLEOSIDE ANALOG ANTIVIRAL ,CAPSULE,ORAL,AA1AC25E-728A-4B85-A1A2-8A1C9DB0531B,1998-06-03,REBETOL,2134
A62F1B56-6F01-45F5-87E8-865354CAE6C9,2010-01-01,RIBAVIRIN,RIBAVIRIN TABLET ORAL,,KIT,,0E99E8A1-12E9-4BBE-8AF0-BA1448E30783,2002-12-03,COPEGUS,2586
0201D563-7035-481A-AE48-81E71F8A1121,2014-03-26,RIFABUTIN,RIFABUTIN CAPSULE ORAL, RIFAMYCIN ANTIMYCOBACTERIAL ,CAPSULE,ORAL,0965C679-1C83-4ACF-AD4F-C0B84E249C31,1992-12-23,MYCOBUTIN,7763
93662DE7-BFE4-4237-AA23-7370A2515CB1,2009-07-01,RIFAMPIN,RIFAMPIN CAPSULE ORAL, RIFAMYCIN ANTIBACTERIAL ,CAPSULE  COATED,ORAL,469B14EF-2403-4313-B246-F95ECB9CD3E8,1971-05-21,RIFADIN,13921
A361DAB4-4407-4297-83E9-45E1AB7D3DF1,2014-05-14,RILUZOLE,RILUZOLE TABLET ORAL, BENZOTHIAZOLE ,TABLET  FILM COATED,ORAL,A73367A9-124A-45A9-B93B-C8EE4F87A8AB,2013-05-15,RILUZOLE,364
7DCCEDDA-967E-4967-B5C5-E4A90BBB738A,2010-07-01,RIVASTIGMINE TARTRATE,RIVASTIGMINE TARTRATE CAPSULE ORAL, CHOLINESTERASE INHIBITOR ,CAPSULE,ORAL,3375F1A6-A261-4C5C-81EE-674A11CEFAF8,2000-04-30,RIVASTIGMINE TARTRATE,3714
A0D43BF3-1147-4E85-98FE-F410B8BB1583,2013-02-12,RIZATRIPTAN BENZOATE,RIZATRIPTAN BENZOATE TABLET ORAL, 1D RECEPTOR AGONIST ,TABLET,ORAL,B03A0C76-2CEA-473A-9FC8-73D7015EE54E,1998-06-29,RIZATRIPTAN BENZOATE,5342
578999E6-0806-4E6B-972A-BF8D031C5FE3,2013-07-01,RIZATRIPTAN BENZOATE,"RIZATRIPTAN BENZOATE TABLET, ORALLY DISINTEGRATING ORAL", 1D RECEPTOR AGONIST ,TABLET  ORALLY DISINTEGRATING,ORAL,245B22AE-1970-4AC7-88C9-9A2293927B27,1998-06-29,MAXALT-MLT,5481
816EABBA-6B66-4EB3-911D-E1F0B0D679E4,2009-09-18,ROPINIROLE HYDROCHLORIDE,ROPINIROLE HYDROCHLORIDE TABLET ORAL,  NONERGOT DOPAMINE AGONIST ,TABLET  FILM COATED,ORAL,2CE65527-2C46-452F-80B2-0A1F67493FE0,1997-10-03,REQUIP,4368
4B279CDA-394A-40D3-9CD9-DD8C66D0CE4B,2009-08-10,SERTRALINE HYDROCHLORIDE,SERTRALINE HYDROCHLORIDE TABLET ORAL, SEROTONIN REUPTAKE INHIBITOR ,TABLET  FILM COATED,ORAL,E37735F3-49FD-402B-9282-7498297F2DF5,1992-02-11,ZOLOFT,6390
30E94C3B-9BA6-CA16-3F11-003C78EBB8B8,2014-10-27,SIROLIMUS,SIROLIMUS TABLET ORAL,  MTOR INHIBITOR IMMUNOSUPPRESSANT ,TABLET,ORAL,0F26220A-F4AB-4CEB-9A98-A13DBDEED81F,2001-07-01,RAPAMUNE,4866
D71FE835-FB62-4E1B-BAB1-FA40C9BB2F93,2013-04-03,SODIUM PHENYLBUTYRATE,SODIUM PHENYLBUTYRATE POWDER ORAL,  NITROGEN BINDING AGENT ,POWDER,ORAL,7AA6525F-32E0-40E8-88AF-B5CFAA1A2039,1996-04-30,BUPHENYL,6182
47401C88-8CAE-4352-9942-94FBC43E856A,2008-12-29,STAVUDINE,STAVUDINE CAPSULE ORAL, HUMAN IMMUNODEFICIENCY VIRUS NUCLEOSIDE ANALOG REVERSE TRANSCRIPTASE INHIBITOR ,CAPSULE,ORAL,A2D79A48-429F-41D0-B0E0-6AE41FDD6B4E,1994-06-24,ZERIT,5302
E91B5106-94A6-E454-B03E-275CC5EAA2BE,2014-01-17,SUCRALFATE,SUCRALFATE TABLET ORAL, ALUMINUM COMPLEX ,TABLET,ORAL,DE300111-1F28-4325-A10B-5F1F544B5ED5,2011-07-21,SUCRALFATE,911
BD548D56-474A-4581-8427-F866B4E7C2DB,2011-01-19,SULFACETAMIDE SODIUM,SULFACETAMIDE SODIUM LOTION TOPICAL, SULFONAMIDE ANTIBACTERIAL ,SUSPENSION,TOPICAL,39F2B134-D4DC-49BD-8709-E4D8E33814A6,1996-12-23,SODIUM SULFACETAMIDE,5140
1FC8D359-D5B3-42AC-82C4-CC0EBE609198,1997-12-29,SULFAMETHOXAZOLE TRIMETHOPRIM,SULFAMETHOXAZOLE; TRIMETHOPRIM SUSPENSION ORAL, SULFONAMIDE ANTIMICROBIAL ; DIHYDROFOLATE REDUCTASE INHIBITOR ANTIBACTERIAL ,SUSPENSION,ORAL,95AE9B0F-F4F9-499A-8E80-B05566D9048E,1983-07-01,SULFATRIM,5295
8FAEA049-4465-CA88-E1D2-7B81D152C2CD,2014-09-23,SULFAMETHOXAZOLE TRIMETHOPRIM,SULFAMETHOXAZOLE; TRIMETHOPRIM TABLET ORAL, SULFONAMIDE ANTIMICROBIAL ; DIHYDROFOLATE REDUCTASE INHIBITOR ANTIBACTERIAL ,TABLET,ORAL,3DBA3387-F213-464D-B75D-29EEACBD888C,1997-08-26,BACTRIM DS,6237
61A8A9C0-C9C5-46F5-AB21-5ADA9DC3A07C,2002-01-11,SULFASALAZINE,"SULFASALAZINE TABLET, DELAYED RELEASE ORAL", AMINOSALICYLATE ,TABLET  DELAYED RELEASE,ORAL,B52B01BD-134A-4D50-A29E-A0E9E9F4CC12,1950-06-20,AZULFIDINE,18833
08770C34-ED1A-4190-BD4E-8B078F4533FA,2011-04-19,SULFASALAZINE,SULFASALAZINE TABLET ORAL, AMINOSALICYLATE ,TABLET,ORAL,F3AA98C4-1227-4097-9C56-B672796D749D,2003-07-01,SULFASALAZINE,2849
5F742224-618E-4F4C-BDEC-7693BE99C697,2010-11-04,TACROLIMUS,TACROLIMUS CAPSULE ORAL,,CAPSULE,ORAL,B19E1237-84B0-4F2D-9F91-5B5D785A8D25,1994-04-08,PROGRAF,6054
38AE76EB-6CD6-4673-A4B6-4F9AAA35F1AC,2014-09-09,TACROLIMUS,TACROLIMUS OINTMENT TOPICAL, CALCINEURIN INHIBITOR IMMUNOSUPPRESSANT ,OINTMENT,TOPICAL,17CC7208-9DF0-4F45-921C-54B8C16882D7,2000-12-08,PROTOPIC,5023
953C3163-9A26-4E98-A23B-B080F5A66535,2014-07-07,TELMISARTAN,TELMISARTAN TABLET ORAL,  ANGIOTENSIN 2 RECEPTOR BLOCKER ,TABLET,ORAL,D6D6402A-3913-4ADF-B6E6-F4676533A3A5,2002-03-25,MICARDIS,4487
0FE68D55-9607-4271-95DE-395B13EABEB4,2008-01-04,TERBINAFINE HYDROCHLORIDE,TERBINAFINE HYDROCHLORIDE TABLET ORAL,  ALLYLAMINE ANTIFUNGAL ,TABLET,ORAL,66E8F6F5-1DA3-4236-9721-8E4E3DB42C9B,1996-05-10,LAMISIL,4256
5E3C60B3-C7A5-4DF2-B55F-6E70DA7F9EB7,2005-02-18,TERCONAZOLE,TERCONAZOLE CREAM VAGINAL, AZOLE ANTIFUNGAL ,CREAM,VAGINAL,472E7B07-83FC-4857-9CC0-50E6AA03F10D,2004-04-01,TERCONAZOLE,323
A2A90880-54F7-4E6C-900A-90D7EB4CF272,2006-08-28,TERCONAZOLE,TERCONAZOLE SUPPOSITORY VAGINAL, AZOLE ANTIFUNGAL ,SUPPOSITORY,VAGINAL,7325732C-8475-4ED2-8189-4B9E2353BE63,1988-05-24,TERAZOL 3,6670
7F48AAA3-111D-442C-9470-62FBD019DAF1,1987-06-23,THIOTHIXENE,THIOTHIXENE CAPSULE ORAL, TYPICAL ANTIPSYCHOTIC ,CAPSULE,ORAL,A2746FAD-D967-413B-8ABC-228056A1BE6C,1967-07-24,NAVANE,7274
39B723D2-07D1-4140-981E-8F562C3D7B32,2011-11-04,TIAGABINE HYDROCHLORIDE,TIAGABINE HYDROCHLORIDE TABLET ORAL, EPILEPTIC AGENT ,TABLET  FILM COATED,ORAL,F1A2F121-C73E-475F-B3E1-1EA5EEF3BA3F,1997-11-03,GABITRIL,5114
E2EEFDFB-C715-4154-89E2-C64DE87C70E5,2014-01-01,TIZANIDINE HYDROCHLORIDE,TIZANIDINE HYDROCHLORIDE TABLET ORAL, 2 ADRENERGIC AGONIST ,TABLET,ORAL,E6D660DC-AEEC-4242-A393-4A352449545C,1997-01-01,ZANAFLEX,6209
5B1A9B23-E00D-45EE-98A6-2CA43ACC2BC3,2014-01-06,TOLTERODINE TARTRATE,"TOLTERODINE TARTRATE CAPSULE, EXTENDED RELEASE ORAL", CHOLINERGIC MUSCARINIC ANTAGONIST ,CAPSULE  EXTENDED RELEASE,ORAL,F5E963E0-560A-470D-B6FF-BF19C8FAF82A,2000-02-22,TOLTERODINE TARTRATE EXTENDED RELEASE,5067
73FBD878-ECA5-F707-511E-5AFA2FAC0B20,2012-09-25,TOLTERODINE TARTRATE,TOLTERODINE TARTRATE TABLET ORAL, CHOLINERGIC MUSCARINIC ANTAGONIST ,TABLET  FILM COATED,ORAL,2FD42B47-4AE7-436B-A2C7-202B6FE3379B,1998-03-25,DETROL,5298
B9904B22-7C79-463B-9441-709B1610A84D,2009-07-01,TOPIRAMATE,TOPIRAMATE CAPSULE ORAL,,TABLET,ORAL,878F0AD0-5713-436A-873A-04A0D96E12D3,1998-11-01,TOPAMAX,3895
0109EFCE-8225-4B74-85E0-C270460BAA32,2010-12-29,TOPIRAMATE,TOPIRAMATE TABLET ORAL,,TABLET,ORAL,202B1A2A-11DC-4C3D-AA53-27512A98A042,1997-01-01,TOPAMAX,5110
69D44F92-7E88-4792-9E36-C658681CBBDF,2007-06-11,TR OLAPRIL,TRANDOLAPRIL TABLET ORAL, ANGIOTENSIN CONVERTING ENZYME INHIBITOR ,TABLET,ORAL,80FD8CAF-14E3-8540-E746-3E34C5C7F3A8,1996-04-26,MAVIK,4063
ADCE1845-279D-45CD-A316-D386B7BAE344,2010-05-26,TR OLAPRIL VERAPAMIL HYDROCHLORIDE,"TRANDOLAPRIL; VERAPAMIL HYDROCHLORIDE TABLET, EXTENDED RELEASE ORAL", ANGIOTENSIN CONVERTING ENZYME INHIBITOR ; CALCIUM CHANNEL BLOCKER ,TABLET  FILM COATED  EXTENDED RELEASE,ORAL,3CF217F1-0428-2688-590B-6EA5C945C2BA,1996-10-22,TARKA,4964
4E51F884-E586-B989-728A-6C67EEAB53E4,2014-01-27,TRANEXAMIC ACID,TRANEXAMIC ACID TABLET ORAL, ANTIFIBRINOLYTIC AGENT ,TABLET,ORAL,A2B02C92-A449-4624-9936-423A9C0993E2,2010-05-17,TRANEXAMIC ACID,1351
E3D00B1D-0C68-44CC-AB5B-D76547283090,2012-03-29,TRETINOIN,TRETINOIN CREAM TOPICAL, RETINOID ,CREAM,TOPICAL,DA23DE99-754F-4C25-B122-E1544BB60F61,1974-07-30,RETIN-A,13757
4BA85926-5AF5-4A5F-9542-AAB4D12BE688,2013-07-31,TRETINOIN,TRETINOIN GEL TOPICAL, RETINOID ,GEL,TOPICAL,2A0DD457-4727-47FF-9268-E9E1B9D17B30,2008-08-08,RETIN-A MICRO,1818
519E72CB-3C08-49DC-AA51-D098DC152937,2010-08-13,TROSPIUM CHLORIDE,TROSPIUM CHLORIDE TABLET ORAL, CHOLINERGIC MUSCARINIC ANTAGONIST ,TABLET  FILM COATED,ORAL,B5827E15-D555-4F45-BBF5-45648CB9BC2A,2007-12-01,SANCTURA,986
CA854D27-FDF6-4691-9A8E-594FEEFEB6A5,2011-04-15,URSODIOL,URSODIOL CAPSULE ORAL, BILE ACID ,CAPSULE,ORAL,DEDEE131-E86A-4548-A12B-4E70F2BB0459,1987-12-31,URSODIOL,8506
EED3B473-17AE-4E51-8442-63D2173A8E2A,2011-07-12,URSODIOL,URSODIOL TABLET ORAL, BILE ACID ,TABLET,ORAL,6F988C2C-E19D-41A7-9D13-80252A28873E,1997-12-10,URSO 250,4962
530976BB-8F1F-4354-B74D-D749A6DC038C,2011-12-06,VENLAFAXINE HYDROCHLORIDE,"VENLAFAXINE HYDROCHLORIDE TABLET, EXTENDED RELEASE ORAL",  SEROTONIN AND NOREPINEPHRINE REUPTAKE INHIBITOR ,TABLET  EXTENDED RELEASE,ORAL,5D36E1B8-3F6E-4FF2-829B-17F6F69B6250,2010-06-11,VENLAFAXINE HYDROCHLORIDE,543
CF206F2D-793D-4301-A75A-ED2B1D90BA4C,2008-08-07,VERAPAMIL HYDROCHLORIDE,"VERAPAMIL HYDROCHLORIDE CAPSULE, EXTENDED RELEASE ORAL",  CALCIUM CHANNEL BLOCKER ,CAPSULE  EXTENDED RELEASE,ORAL,911D2066-26EE-494B-AC35-9FE4C793E911,1990-05-29,VERELAN,6645
AF1249B0-E889-4F02-BDC2-54862DE0545E,2012-06-04,VERAPAMIL HYDROCHLORIDE,"VERAPAMIL HYDROCHLORIDE TABLET, EXTENDED RELEASE ORAL",  CALCIUM CHANNEL BLOCKER ,TABLET  FILM COATED  EXTENDED RELEASE,ORAL,EC8D1D34-D828-493D-B145-DA4F4E2725EA,2009-07-01,VERAPAMIL HYDROCHLORIDE,1069
79180E04-6F83-475E-9BA2-FD91E70A622B,1986-10-01,VERAPAMIL HYDROCHLORIDE,VERAPAMIL HYDROCHLORIDE TABLET ORAL,  CALCIUM CHANNEL BLOCKER ,TABLET  FILM COATED,ORAL,50009BF4-BEF1-431D-8E8C-C52B64AA35BA,1984-09-10,CALAN,751
D3B8E235-B539-4C5C-86E9-08483024C1AA,2011-11-01,WARFARIN SODIUM,WARFARIN SODIUM TABLET ORAL, VITAMIN K ANTAGONIST ,TABLET,ORAL,D975E88B-476C-463B-9600-3FBCDB0E86F2,2004-09-27,COUMADIN,2591
54A33FCE-9E0B-4EF8-AFC8-4E0D65C85EB4,2013-02-08,ZIPRASIDONE HYDROCHLORIDE,ZIPRASIDONE HYDROCHLORIDE CAPSULE ORAL, ATYPICAL ANTIPSYCHOTIC ,CAPSULE,ORAL,57153F8C-0016-4318-8F67-3D142ACD398A,2001-02-05,ZIPRASIDONE,4386
5E0CCCB0-4B46-41AE-8822-97733C2914B0,2013-05-14,ZOLMITRIPTAN,ZOLMITRIPTAN TABLET ORAL, 1D RECEPTOR AGONIST ,TABLET  FILM COATED,ORAL,0CAF812B-A1C7-4F82-D797-3D13071F7E80,1998-01-10,ZOMIG,5603
17F086F5-883B-4146-A61F-3F83CC719858,2011-06-07,ZOLPIDEM TARTRATE,"ZOLPIDEM TARTRATE TABLET, EXTENDED RELEASE ORAL", ERGIC AGONIST ,TABLET  FILM COATED  EXTENDED RELEASE,ORAL,0EDD0033-94E4-47C0-A5B7-D59E7AE5AD37,2010-10-14,ZOLPIDEM TARTRATE,236
C25FF551-9B15-4348-8D8B-9AEAFE264D16,2007-09-05,ZOLPIDEM TARTRATE,ZOLPIDEM TARTRATE TABLET ORAL, ERGIC AGONIST ,TABLET,ORAL,ED68C40D-BA70-4919-9A7D-812090E5A1CF,1993-04-01,AMBIEN,5270
