supplier,yr,mo,count
ACCORD HEALTHCARE,2011,3,7
ACCORD HEALTHCARE,2011,6,1
ACCORD HEALTHCARE,2011,7,3
ACCORD HEALTHCARE,2011,8,3
ACCORD HEALTHCARE,2011,10,1
ACCORD HEALTHCARE,2012,3,6
ACCORD HEALTHCARE,2012,6,2
ACCORD HEALTHCARE,2013,1,7
ACCORD HEALTHCARE,2013,2,3
ACCORD HEALTHCARE,2013,5,7
ACCORD HEALTHCARE,2013,7,1
ACCORD HEALTHCARE,2013,8,1
ACCORD HEALTHCARE,2013,9,8
ACCORD HEALTHCARE,2013,10,1
ACCORD HEALTHCARE,2013,11,1
ACCORD HEALTHCARE,2014,2,2
ACCORD HEALTHCARE,2014,7,4
ACCORD HEALTHCARE,2014,12,6
ACTAVIS PHARMA,2011,3,6
ACTAVIS PHARMA,2011,4,2
ACTAVIS PHARMA,2011,8,4
ACTAVIS PHARMA,2011,10,1
ACTAVIS PHARMA,2011,11,2
ACTAVIS PHARMA,2011,12,2
ACTAVIS PHARMA,2012,10,4
ACTAVIS PHARMA,2012,11,3
ACTAVIS PHARMA,2012,12,6
ACTAVIS PHARMA,2013,1,2
ACTAVIS PHARMA,2013,3,7
ACTAVIS PHARMA,2013,4,4
ACTAVIS PHARMA,2013,7,3
ACTAVIS PHARMA,2013,12,3
ACTAVIS PHARMA,2014,1,3
ACTAVIS PHARMA,2014,2,9
ACTAVIS PHARMA,2014,3,5
ACTAVIS PHARMA,2014,5,3
ACTAVIS PHARMA,2014,6,7
ACTAVIS PHARMA,2014,9,4
ACTAVIS PHARMA,2014,10,2
ACTAVIS PHARMA,2014,11,4
ACTAVIS PHARMA,2014,12,5
AMERICAN HEALTH,2011,1,2
AMERICAN HEALTH,2011,2,2
AMERICAN HEALTH,2011,3,7
AMERICAN HEALTH,2011,4,5
AMERICAN HEALTH,2011,5,9
AMERICAN HEALTH,2011,6,7
AMERICAN HEALTH,2011,7,10
AMERICAN HEALTH,2011,8,5
AMERICAN HEALTH,2011,9,3
AMERICAN HEALTH,2011,10,4
AMERICAN HEALTH,2011,11,1
AMERICAN HEALTH,2011,12,1
AMERICAN HEALTH,2012,1,10
AMERICAN HEALTH,2012,2,5
AMERICAN HEALTH,2012,3,8
AMERICAN HEALTH,2012,4,12
AMERICAN HEALTH,2012,5,12
AMERICAN HEALTH,2012,6,5
AMERICAN HEALTH,2012,7,5
AMERICAN HEALTH,2012,8,5
AMERICAN HEALTH,2012,9,4
AMERICAN HEALTH,2012,10,2
AMERICAN HEALTH,2012,11,4
AMERICAN HEALTH,2012,12,5
AMERICAN HEALTH,2013,1,3
AMERICAN HEALTH,2013,2,5
AMERICAN HEALTH,2013,3,2
AMERICAN HEALTH,2013,5,15
AMERICAN HEALTH,2013,6,31
AMERICAN HEALTH,2013,7,56
AMERICAN HEALTH,2013,8,2
AMERICAN HEALTH,2013,9,4
AMERICAN HEALTH,2013,10,7
AMERICAN HEALTH,2013,11,3
AMERICAN HEALTH,2013,12,11
AMERICAN HEALTH,2014,1,20
AMERICAN HEALTH,2014,2,11
AMERICAN HEALTH,2014,3,5
AMERICAN HEALTH,2014,4,13
AMERICAN HEALTH,2014,5,13
AMERICAN HEALTH,2014,6,11
AMERICAN HEALTH,2014,7,11
AMERICAN HEALTH,2014,8,12
AMERICAN HEALTH,2014,9,18
AMERICAN HEALTH,2014,10,20
AMERICAN HEALTH,2014,11,6
AMERICAN HEALTH,2014,12,32
AMNEAL PHARMACEUTICALS,2011,3,4
AMNEAL PHARMACEUTICALS,2011,5,1
AMNEAL PHARMACEUTICALS,2011,9,5
AMNEAL PHARMACEUTICALS,2011,10,3
AMNEAL PHARMACEUTICALS,2011,11,1
AMNEAL PHARMACEUTICALS,2011,12,3
AMNEAL PHARMACEUTICALS,2012,6,1
AMNEAL PHARMACEUTICALS,2012,10,5
AMNEAL PHARMACEUTICALS,2012,11,1
AMNEAL PHARMACEUTICALS,2012,12,6
AMNEAL PHARMACEUTICALS,2013,2,8
AMNEAL PHARMACEUTICALS,2013,3,1
AMNEAL PHARMACEUTICALS,2013,5,4
AMNEAL PHARMACEUTICALS,2013,9,2
AMNEAL PHARMACEUTICALS,2013,11,1
AMNEAL PHARMACEUTICALS,2013,12,1
AMNEAL PHARMACEUTICALS,2014,1,1
AMNEAL PHARMACEUTICALS,2014,4,4
AMNEAL PHARMACEUTICALS,2014,10,1
APHENA PHARMA,2011,1,4
APHENA PHARMA,2011,4,1
APHENA PHARMA,2011,7,5
APHENA PHARMA,2011,8,1
APHENA PHARMA,2011,10,2
APHENA PHARMA,2012,2,2
APHENA PHARMA,2012,3,8
APHENA PHARMA,2012,5,5
APHENA PHARMA,2012,6,3
APHENA PHARMA,2012,7,2
APHENA PHARMA,2012,8,5
APHENA PHARMA,2012,9,1
APHENA PHARMA,2012,10,4
APHENA PHARMA,2012,11,1
APHENA PHARMA,2013,1,1
APHENA PHARMA,2013,3,3
APHENA PHARMA,2013,4,3
APHENA PHARMA,2013,5,1
APHENA PHARMA,2013,6,5
APHENA PHARMA,2014,2,2
APOTEX CORP,2011,7,14
APOTEX CORP,2011,8,3
APOTEX CORP,2011,9,2
APOTEX CORP,2011,10,7
APOTEX CORP,2011,12,8
APOTEX CORP,2012,2,3
APOTEX CORP,2012,3,14
APOTEX CORP,2012,4,8
APOTEX CORP,2012,5,13
APOTEX CORP,2012,8,4
APOTEX CORP,2012,9,6
APOTEX CORP,2012,10,7
APOTEX CORP,2012,11,7
APOTEX CORP,2012,12,5
APOTEX CORP,2013,2,4
APOTEX CORP,2013,3,16
APOTEX CORP,2013,4,8
APOTEX CORP,2013,5,4
APOTEX CORP,2013,6,2
APOTEX CORP,2013,7,5
APOTEX CORP,2013,9,1
APOTEX CORP,2013,12,6
APOTEX CORP,2014,1,6
APOTEX CORP,2014,2,2
APOTEX CORP,2014,3,1
APOTEX CORP,2014,4,1
APOTEX CORP,2014,5,2
APOTEX CORP,2014,6,8
APOTEX CORP,2014,7,1
APOTEX CORP,2014,8,6
APOTEX CORP,2014,9,1
APOTEX CORP,2014,10,1
APOTEX CORP,2014,12,1
AS MEDICATION,2011,1,5
AS MEDICATION,2011,4,3
AS MEDICATION,2011,5,4
AS MEDICATION,2011,6,2
AS MEDICATION,2011,7,1
AS MEDICATION,2011,8,5
AS MEDICATION,2011,9,2
AS MEDICATION,2011,10,2
AS MEDICATION,2011,11,4
AS MEDICATION,2011,12,4
AS MEDICATION,2012,1,11
AS MEDICATION,2012,2,3
AS MEDICATION,2012,4,1
AS MEDICATION,2012,5,3
AS MEDICATION,2012,7,4
AS MEDICATION,2012,8,12
AS MEDICATION,2012,10,2
AS MEDICATION,2012,12,3
AS MEDICATION,2013,2,2
AS MEDICATION,2013,6,1
AS MEDICATION,2013,7,1
AS MEDICATION,2013,8,1
AS MEDICATION,2014,4,4
AUROBINDO PHARMA,2011,3,9
AUROBINDO PHARMA,2011,4,2
AUROBINDO PHARMA,2011,6,13
AUROBINDO PHARMA,2011,10,4
AUROBINDO PHARMA,2011,11,6
AUROBINDO PHARMA,2011,12,3
AUROBINDO PHARMA,2012,1,3
AUROBINDO PHARMA,2012,3,7
AUROBINDO PHARMA,2012,4,7
AUROBINDO PHARMA,2012,5,4
AUROBINDO PHARMA,2012,6,3
AUROBINDO PHARMA,2012,7,4
AUROBINDO PHARMA,2012,8,4
AUROBINDO PHARMA,2012,9,16
AUROBINDO PHARMA,2012,10,6
AUROBINDO PHARMA,2012,11,3
AUROBINDO PHARMA,2012,12,3
AUROBINDO PHARMA,2013,1,3
AUROBINDO PHARMA,2013,2,7
AUROBINDO PHARMA,2013,3,5
AUROBINDO PHARMA,2013,4,8
AUROBINDO PHARMA,2013,7,2
AUROBINDO PHARMA,2013,9,2
AUROBINDO PHARMA,2013,11,1
AUROBINDO PHARMA,2013,12,3
AUROBINDO PHARMA,2014,1,3
AUROBINDO PHARMA,2014,3,2
AUROBINDO PHARMA,2014,5,4
AUROBINDO PHARMA,2014,6,2
AUROBINDO PHARMA,2014,9,3
AUROBINDO PHARMA,2014,10,1
AVKARE,2011,7,1
AVKARE,2011,8,4
AVKARE,2011,10,1
AVKARE,2012,1,3
AVKARE,2012,2,1
AVKARE,2012,3,3
AVKARE,2012,5,11
AVKARE,2012,6,4
AVKARE,2012,7,6
AVKARE,2012,8,11
AVKARE,2012,11,1
AVKARE,2012,12,2
AVKARE,2013,1,5
AVKARE,2013,2,1
AVKARE,2013,3,4
AVKARE,2013,4,6
AVKARE,2013,5,1
AVKARE,2013,6,11
AVKARE,2013,7,30
AVKARE,2013,8,7
AVKARE,2013,9,15
AVKARE,2013,10,4
AVKARE,2013,12,12
AVKARE,2014,1,26
AVKARE,2014,2,9
AVKARE,2014,3,5
AVKARE,2014,5,5
AVKARE,2014,6,8
AVKARE,2014,7,3
AVKARE,2014,8,5
AVKARE,2014,9,13
AVKARE,2014,10,8
AVKARE,2014,11,3
AVKARE,2014,12,10
AVPAK,2011,5,5
AVPAK,2011,6,3
AVPAK,2011,7,2
AVPAK,2011,8,6
AVPAK,2012,5,3
AVPAK,2012,7,1
AVPAK,2012,10,4
AVPAK,2012,11,1
AVPAK,2012,12,2
AVPAK,2013,1,3
AVPAK,2013,5,4
AVPAK,2013,7,3
AVPAK,2013,8,2
AVPAK,2013,10,1
AVPAK,2014,1,6
AVPAK,2014,2,3
AVPAK,2014,3,9
AVPAK,2014,4,12
AVPAK,2014,6,4
AVPAK,2014,7,5
AVPAK,2014,8,12
AVPAK,2014,9,15
AVPAK,2014,10,9
AVPAK,2014,11,6
AVPAK,2014,12,5
BLENHEIM PHARMACAL,2011,1,4
BLENHEIM PHARMACAL,2011,2,3
BLENHEIM PHARMACAL,2011,3,2
BLENHEIM PHARMACAL,2011,4,8
BLENHEIM PHARMACAL,2011,5,2
BLENHEIM PHARMACAL,2011,6,3
BLENHEIM PHARMACAL,2011,7,3
BLENHEIM PHARMACAL,2011,8,2
BLENHEIM PHARMACAL,2011,9,3
BLENHEIM PHARMACAL,2011,10,1
BLENHEIM PHARMACAL,2011,11,1
BLENHEIM PHARMACAL,2012,1,5
BLENHEIM PHARMACAL,2012,2,6
BLENHEIM PHARMACAL,2012,3,3
BLENHEIM PHARMACAL,2012,4,1
BLENHEIM PHARMACAL,2012,5,2
BLENHEIM PHARMACAL,2012,6,2
BLENHEIM PHARMACAL,2012,8,3
BLENHEIM PHARMACAL,2012,9,1
BLENHEIM PHARMACAL,2012,10,3
BLENHEIM PHARMACAL,2012,11,2
BLENHEIM PHARMACAL,2012,12,2
BLENHEIM PHARMACAL,2013,1,3
BLENHEIM PHARMACAL,2013,3,5
BLENHEIM PHARMACAL,2013,6,1
BLENHEIM PHARMACAL,2013,7,3
BLENHEIM PHARMACAL,2013,8,3
BLENHEIM PHARMACAL,2013,9,12
BLENHEIM PHARMACAL,2013,10,19
BLENHEIM PHARMACAL,2013,11,52
BLENHEIM PHARMACAL,2013,12,15
BLENHEIM PHARMACAL,2014,1,13
BLENHEIM PHARMACAL,2014,2,17
BLENHEIM PHARMACAL,2014,4,2
BLENHEIM PHARMACAL,2014,5,1
BLENHEIM PHARMACAL,2014,8,1
BLENHEIM PHARMACAL,2014,10,2
BLENHEIM PHARMACAL,2014,12,1
BLUEPOINT LABORATORIES,2013,2,6
BLUEPOINT LABORATORIES,2013,6,1
BLUEPOINT LABORATORIES,2013,7,2
BLUEPOINT LABORATORIES,2013,8,1
BLUEPOINT LABORATORIES,2013,10,2
BLUEPOINT LABORATORIES,2013,11,8
BLUEPOINT LABORATORIES,2013,12,4
BLUEPOINT LABORATORIES,2014,1,12
BLUEPOINT LABORATORIES,2014,2,60
BLUEPOINT LABORATORIES,2014,3,22
BLUEPOINT LABORATORIES,2014,4,7
BLUEPOINT LABORATORIES,2014,7,1
BLUEPOINT LABORATORIES,2014,9,1
BLUEPOINT LABORATORIES,2014,10,1
BLUEPOINT LABORATORIES,2014,12,1
BRECKENRIDGE PHARMACEUTICALS,2011,1,1
BRECKENRIDGE PHARMACEUTICALS,2011,4,1
BRECKENRIDGE PHARMACEUTICALS,2011,6,2
BRECKENRIDGE PHARMACEUTICALS,2011,11,4
BRECKENRIDGE PHARMACEUTICALS,2012,3,6
BRECKENRIDGE PHARMACEUTICALS,2012,4,6
BRECKENRIDGE PHARMACEUTICALS,2012,5,2
BRECKENRIDGE PHARMACEUTICALS,2012,6,4
BRECKENRIDGE PHARMACEUTICALS,2012,10,3
BRECKENRIDGE PHARMACEUTICALS,2012,12,6
BRECKENRIDGE PHARMACEUTICALS,2013,2,3
BRECKENRIDGE PHARMACEUTICALS,2013,3,4
BRECKENRIDGE PHARMACEUTICALS,2013,7,2
BRECKENRIDGE PHARMACEUTICALS,2013,10,1
BRECKENRIDGE PHARMACEUTICALS,2013,11,2
BRECKENRIDGE PHARMACEUTICALS,2013,12,1
BRECKENRIDGE PHARMACEUTICALS,2014,1,1
BRECKENRIDGE PHARMACEUTICALS,2014,6,3
BRECKENRIDGE PHARMACEUTICALS,2014,10,1
BRYANT RANCH,2011,1,15
BRYANT RANCH,2011,2,2
BRYANT RANCH,2011,3,6
BRYANT RANCH,2011,5,6
BRYANT RANCH,2011,6,10
BRYANT RANCH,2011,7,2
BRYANT RANCH,2011,8,2
BRYANT RANCH,2011,9,2
BRYANT RANCH,2011,10,4
BRYANT RANCH,2011,11,2
BRYANT RANCH,2011,12,3
BRYANT RANCH,2012,1,1
BRYANT RANCH,2012,3,8
BRYANT RANCH,2012,5,6
BRYANT RANCH,2012,7,1
BRYANT RANCH,2012,8,7
BRYANT RANCH,2012,9,1
BRYANT RANCH,2012,10,3
BRYANT RANCH,2012,11,3
BRYANT RANCH,2012,12,2
BRYANT RANCH,2013,1,2
BRYANT RANCH,2013,2,2
BRYANT RANCH,2013,3,2
BRYANT RANCH,2013,4,4
BRYANT RANCH,2013,5,1
BRYANT RANCH,2013,8,1
BRYANT RANCH,2013,9,1
BRYANT RANCH,2013,11,1
BRYANT RANCH,2013,12,2
BRYANT RANCH,2014,4,3
CADILA HEALTHCARE,2011,1,1
CADILA HEALTHCARE,2011,5,4
CADILA HEALTHCARE,2011,6,4
CADILA HEALTHCARE,2011,10,3
CADILA HEALTHCARE,2012,10,3
CADILA HEALTHCARE,2012,11,6
CADILA HEALTHCARE,2013,3,2
CADILA HEALTHCARE,2013,5,2
CADILA HEALTHCARE,2013,7,2
CADILA HEALTHCARE,2013,8,2
CADILA HEALTHCARE,2014,1,1
CADILA HEALTHCARE,2014,2,7
CADILA HEALTHCARE,2014,4,4
CADILA HEALTHCARE,2014,5,7
CADILA HEALTHCARE,2014,8,6
CADILA HEALTHCARE,2014,9,2
CADILA HEALTHCARE,2014,12,3
CAMBER PHARMACEUTICALS,2011,1,21
CAMBER PHARMACEUTICALS,2011,11,11
CAMBER PHARMACEUTICALS,2011,12,3
CAMBER PHARMACEUTICALS,2012,1,14
CAMBER PHARMACEUTICALS,2012,2,1
CAMBER PHARMACEUTICALS,2012,4,2
CAMBER PHARMACEUTICALS,2012,5,1
CAMBER PHARMACEUTICALS,2012,6,2
CAMBER PHARMACEUTICALS,2012,9,7
CAMBER PHARMACEUTICALS,2012,10,2
CAMBER PHARMACEUTICALS,2013,2,1
CAMBER PHARMACEUTICALS,2013,3,2
CAMBER PHARMACEUTICALS,2013,7,1
CAMBER PHARMACEUTICALS,2013,8,3
CAMBER PHARMACEUTICALS,2013,9,1
CAMBER PHARMACEUTICALS,2013,11,8
CAMBER PHARMACEUTICALS,2014,1,3
CAMBER PHARMACEUTICALS,2014,2,3
CAMBER PHARMACEUTICALS,2014,4,1
CAMBER PHARMACEUTICALS,2014,5,1
CAMBER PHARMACEUTICALS,2014,9,7
CAMBER PHARMACEUTICALS,2014,11,1
CARDINAL HEALTH,2011,1,40
CARDINAL HEALTH,2011,2,15
CARDINAL HEALTH,2011,3,9
CARDINAL HEALTH,2011,4,8
CARDINAL HEALTH,2011,5,41
CARDINAL HEALTH,2011,6,36
CARDINAL HEALTH,2011,7,22
CARDINAL HEALTH,2011,8,23
CARDINAL HEALTH,2011,9,6
CARDINAL HEALTH,2011,10,14
CARDINAL HEALTH,2011,11,11
CARDINAL HEALTH,2011,12,1
CARDINAL HEALTH,2012,1,7
CARDINAL HEALTH,2012,2,7
CARDINAL HEALTH,2012,3,10
CARDINAL HEALTH,2012,4,19
CARDINAL HEALTH,2012,5,7
CARDINAL HEALTH,2012,6,6
CARDINAL HEALTH,2012,7,1
CARDINAL HEALTH,2012,8,14
CARDINAL HEALTH,2012,9,9
CARDINAL HEALTH,2012,10,8
CARDINAL HEALTH,2012,11,1
CARDINAL HEALTH,2012,12,10
CARDINAL HEALTH,2013,1,3
CARDINAL HEALTH,2013,2,7
CARDINAL HEALTH,2013,3,6
CARDINAL HEALTH,2013,4,5
CARDINAL HEALTH,2013,5,6
CARDINAL HEALTH,2013,6,7
CARDINAL HEALTH,2013,7,14
CARDINAL HEALTH,2013,9,5
CARDINAL HEALTH,2013,10,2
CARDINAL HEALTH,2013,11,3
CARDINAL HEALTH,2013,12,10
CARDINAL HEALTH,2014,1,7
CARDINAL HEALTH,2014,2,4
CARDINAL HEALTH,2014,3,5
CARDINAL HEALTH,2014,4,1
CARDINAL HEALTH,2014,5,2
CARDINAL HEALTH,2014,6,3
CARDINAL HEALTH,2014,7,5
CARDINAL HEALTH,2014,9,4
CARDINAL HEALTH,2014,10,2
CARDINAL HEALTH,2014,11,4
CITRON PHARMA,2011,3,3
CITRON PHARMA,2011,4,3
CITRON PHARMA,2011,6,3
CITRON PHARMA,2011,11,9
CITRON PHARMA,2012,3,6
CITRON PHARMA,2012,4,7
CITRON PHARMA,2012,7,2
CITRON PHARMA,2012,8,1
CITRON PHARMA,2012,9,3
CITRON PHARMA,2012,12,2
CITRON PHARMA,2013,1,3
CITRON PHARMA,2013,4,3
CITRON PHARMA,2013,7,2
CITRON PHARMA,2013,11,1
CITRON PHARMA,2013,12,3
CITRON PHARMA,2014,10,1
DIRECT RX,2014,1,255
DR REDDY,2011,1,4
DR REDDY,2011,2,1
DR REDDY,2011,6,7
DR REDDY,2011,7,8
DR REDDY,2011,8,1
DR REDDY,2011,9,4
DR REDDY,2011,10,4
DR REDDY,2012,3,11
DR REDDY,2012,4,6
DR REDDY,2012,5,3
DR REDDY,2012,6,1
DR REDDY,2012,7,4
DR REDDY,2012,8,3
DR REDDY,2012,9,5
DR REDDY,2012,11,1
DR REDDY,2013,1,3
DR REDDY,2013,3,4
DR REDDY,2013,4,1
DR REDDY,2013,6,5
DR REDDY,2013,7,2
DR REDDY,2013,8,4
DR REDDY,2013,9,1
DR REDDY,2013,12,3
DR REDDY,2014,2,1
DR REDDY,2014,3,15
DR REDDY,2014,4,5
DR REDDY,2014,6,10
DR REDDY,2014,9,3
DR REDDY,2014,10,2
DR REDDY,2014,11,3
DR REDDY,2014,12,2
GOLDEN STATE,2011,1,3
GOLDEN STATE,2011,2,4
GOLDEN STATE,2011,4,3
GOLDEN STATE,2011,5,11
GOLDEN STATE,2011,6,1
GOLDEN STATE,2011,7,5
GOLDEN STATE,2011,9,2
GOLDEN STATE,2011,10,2
GOLDEN STATE,2011,12,11
GOLDEN STATE,2012,2,1
GOLDEN STATE,2012,3,6
GOLDEN STATE,2012,4,6
GOLDEN STATE,2012,5,11
GOLDEN STATE,2012,8,1
GOLDEN STATE,2012,9,5
GOLDEN STATE,2013,1,2
GOLDEN STATE,2013,2,5
GOLDEN STATE,2013,3,11
GOLDEN STATE,2013,4,7
GOLDEN STATE,2013,6,3
GOLDEN STATE,2013,9,5
GOLDEN STATE,2013,10,3
GOLDEN STATE,2013,11,4
GOLDEN STATE,2013,12,2
GOLDEN STATE,2014,1,2
GOLDEN STATE,2014,2,9
GOLDEN STATE,2014,3,4
GOLDEN STATE,2014,4,11
GOLDEN STATE,2014,5,4
GOLDEN STATE,2014,6,6
GOLDEN STATE,2014,7,10
GOLDEN STATE,2014,8,6
GOLDEN STATE,2014,10,9
GOLDEN STATE,2014,11,2
GOLDEN STATE,2014,12,5
HERITAGE PHARMACEUTICALS,2011,1,3
HERITAGE PHARMACEUTICALS,2011,3,3
HERITAGE PHARMACEUTICALS,2011,8,1
HERITAGE PHARMACEUTICALS,2011,10,1
HERITAGE PHARMACEUTICALS,2011,11,4
HERITAGE PHARMACEUTICALS,2012,1,6
HERITAGE PHARMACEUTICALS,2012,2,1
HERITAGE PHARMACEUTICALS,2012,3,4
HERITAGE PHARMACEUTICALS,2012,6,4
HERITAGE PHARMACEUTICALS,2012,7,3
HERITAGE PHARMACEUTICALS,2012,8,1
HERITAGE PHARMACEUTICALS,2012,9,2
HERITAGE PHARMACEUTICALS,2012,10,4
HERITAGE PHARMACEUTICALS,2012,11,8
HERITAGE PHARMACEUTICALS,2012,12,3
HERITAGE PHARMACEUTICALS,2013,1,1
HERITAGE PHARMACEUTICALS,2013,2,1
HERITAGE PHARMACEUTICALS,2013,4,3
HERITAGE PHARMACEUTICALS,2013,5,2
HERITAGE PHARMACEUTICALS,2013,7,2
HERITAGE PHARMACEUTICALS,2013,8,2
HERITAGE PHARMACEUTICALS,2013,11,5
HERITAGE PHARMACEUTICALS,2013,12,5
HERITAGE PHARMACEUTICALS,2014,1,1
HERITAGE PHARMACEUTICALS,2014,2,2
HERITAGE PHARMACEUTICALS,2014,3,3
HERITAGE PHARMACEUTICALS,2014,8,2
HERITAGE PHARMACEUTICALS,2014,9,2
HERITAGE PHARMACEUTICALS,2014,12,1
JUBILANT CADISTA,2011,3,2
JUBILANT CADISTA,2011,5,2
JUBILANT CADISTA,2011,7,2
JUBILANT CADISTA,2011,9,2
JUBILANT CADISTA,2012,4,2
JUBILANT CADISTA,2012,9,10
JUBILANT CADISTA,2012,10,3
JUBILANT CADISTA,2013,2,3
JUBILANT CADISTA,2013,3,1
JUBILANT CADISTA,2013,8,2
JUBILANT CADISTA,2013,10,4
JUBILANT CADISTA,2013,11,1
JUBILANT CADISTA,2014,3,1
JUBILANT CADISTA,2014,11,2
KAISER FOUNDATION,2011,2,2
KAISER FOUNDATION,2011,3,2
KAISER FOUNDATION,2011,4,2
KAISER FOUNDATION,2011,5,1
KAISER FOUNDATION,2011,6,5
KAISER FOUNDATION,2011,7,3
KAISER FOUNDATION,2011,8,2
KAISER FOUNDATION,2011,9,2
KAISER FOUNDATION,2011,10,1
KAISER FOUNDATION,2012,1,4
KAISER FOUNDATION,2012,2,1
KAISER FOUNDATION,2012,4,4
KAISER FOUNDATION,2012,5,4
KAISER FOUNDATION,2012,6,1
KAISER FOUNDATION,2012,9,2
KAISER FOUNDATION,2013,1,1
KAISER FOUNDATION,2013,2,1
KAISER FOUNDATION,2013,3,2
KAISER FOUNDATION,2013,8,2
KAISER FOUNDATION,2013,9,1
KAISER FOUNDATION,2013,12,2
KAISER FOUNDATION,2014,1,1
KAISER FOUNDATION,2014,3,2
KAISER FOUNDATION,2014,4,2
KAISER FOUNDATION,2014,5,4
KAISER FOUNDATION,2014,6,1
KAISER FOUNDATION,2014,9,3
KAISER FOUNDATION,2014,10,3
KAISER FOUNDATION,2014,11,3
KMART CORPORATION,2011,1,2
KMART CORPORATION,2011,2,3
KMART CORPORATION,2011,3,4
KMART CORPORATION,2011,4,1
KMART CORPORATION,2011,5,5
KMART CORPORATION,2011,6,7
KMART CORPORATION,2011,7,4
KMART CORPORATION,2011,9,2
KMART CORPORATION,2011,11,1
KMART CORPORATION,2012,5,2
KMART CORPORATION,2012,7,1
KMART CORPORATION,2013,2,1
KMART CORPORATION,2013,5,1
KMART CORPORATION,2013,6,1
KMART CORPORATION,2013,8,3
KMART CORPORATION,2014,1,1
KMART CORPORATION,2014,2,4
KMART CORPORATION,2014,3,1
KMART CORPORATION,2014,4,3
KMART CORPORATION,2014,8,1
KMART CORPORATION,2014,12,2
LAKE ERIE,2011,1,21
LAKE ERIE,2011,2,9
LAKE ERIE,2011,3,3
LAKE ERIE,2011,4,6
LAKE ERIE,2011,5,5
LAKE ERIE,2011,6,13
LAKE ERIE,2011,7,7
LAKE ERIE,2011,8,4
LAKE ERIE,2011,9,2
LAKE ERIE,2011,10,4
LAKE ERIE,2011,11,33
LAKE ERIE,2011,12,28
LAKE ERIE,2012,1,10
LAKE ERIE,2012,2,13
LAKE ERIE,2012,3,31
LAKE ERIE,2012,4,16
LAKE ERIE,2012,5,2
LAKE ERIE,2012,6,1
LAKE ERIE,2012,7,3
LAKE ERIE,2012,8,5
LAKE ERIE,2012,9,1
LAKE ERIE,2012,10,1
LAKE ERIE,2012,11,3
LAKE ERIE,2013,1,2
LAKE ERIE,2013,2,3
LAKE ERIE,2013,3,6
LAKE ERIE,2013,4,1
LAKE ERIE,2013,5,5
LAKE ERIE,2013,6,2
LAKE ERIE,2013,7,2
LAKE ERIE,2013,9,1
LUPIN PHARMACEUTICALS,2011,6,3
LUPIN PHARMACEUTICALS,2011,7,3
LUPIN PHARMACEUTICALS,2011,9,7
LUPIN PHARMACEUTICALS,2011,11,1
LUPIN PHARMACEUTICALS,2011,12,1
LUPIN PHARMACEUTICALS,2012,2,3
LUPIN PHARMACEUTICALS,2012,3,10
LUPIN PHARMACEUTICALS,2012,5,1
LUPIN PHARMACEUTICALS,2012,7,2
LUPIN PHARMACEUTICALS,2012,8,3
LUPIN PHARMACEUTICALS,2012,9,3
LUPIN PHARMACEUTICALS,2012,10,5
LUPIN PHARMACEUTICALS,2012,12,1
LUPIN PHARMACEUTICALS,2013,1,1
LUPIN PHARMACEUTICALS,2013,2,1
LUPIN PHARMACEUTICALS,2013,3,6
LUPIN PHARMACEUTICALS,2013,4,3
LUPIN PHARMACEUTICALS,2013,5,3
LUPIN PHARMACEUTICALS,2013,6,2
LUPIN PHARMACEUTICALS,2013,10,3
LUPIN PHARMACEUTICALS,2013,11,1
LUPIN PHARMACEUTICALS,2013,12,7
LUPIN PHARMACEUTICALS,2014,1,4
LUPIN PHARMACEUTICALS,2014,3,4
LUPIN PHARMACEUTICALS,2014,4,8
LUPIN PHARMACEUTICALS,2014,6,2
LUPIN PHARMACEUTICALS,2014,7,2
LUPIN PHARMACEUTICALS,2014,8,7
LUPIN PHARMACEUTICALS,2014,11,1
MACLEODS PHARMACEUTICALS,2011,12,5
MACLEODS PHARMACEUTICALS,2012,2,1
MACLEODS PHARMACEUTICALS,2012,3,3
MACLEODS PHARMACEUTICALS,2012,4,2
MACLEODS PHARMACEUTICALS,2012,5,4
MACLEODS PHARMACEUTICALS,2012,6,2
MACLEODS PHARMACEUTICALS,2012,8,2
MACLEODS PHARMACEUTICALS,2012,9,13
MACLEODS PHARMACEUTICALS,2012,10,1
MACLEODS PHARMACEUTICALS,2012,12,2
MACLEODS PHARMACEUTICALS,2013,2,3
MACLEODS PHARMACEUTICALS,2013,4,5
MACLEODS PHARMACEUTICALS,2013,12,1
MACLEODS PHARMACEUTICALS,2014,1,2
MACLEODS PHARMACEUTICALS,2014,3,2
MACLEODS PHARMACEUTICALS,2014,4,4
MACLEODS PHARMACEUTICALS,2014,8,6
MACLEODS PHARMACEUTICALS,2014,9,6
MAJOR PHARMACEUTICALS,2011,1,4
MAJOR PHARMACEUTICALS,2011,2,6
MAJOR PHARMACEUTICALS,2011,4,2
MAJOR PHARMACEUTICALS,2011,5,5
MAJOR PHARMACEUTICALS,2011,6,6
MAJOR PHARMACEUTICALS,2011,7,5
MAJOR PHARMACEUTICALS,2011,12,2
MAJOR PHARMACEUTICALS,2012,3,6
MAJOR PHARMACEUTICALS,2012,4,12
MAJOR PHARMACEUTICALS,2012,5,3
MAJOR PHARMACEUTICALS,2012,8,1
MAJOR PHARMACEUTICALS,2012,9,7
MAJOR PHARMACEUTICALS,2013,1,3
MAJOR PHARMACEUTICALS,2013,3,1
MAJOR PHARMACEUTICALS,2013,5,3
MAJOR PHARMACEUTICALS,2013,8,7
MAJOR PHARMACEUTICALS,2013,10,2
MAJOR PHARMACEUTICALS,2013,11,7
MAJOR PHARMACEUTICALS,2013,12,6
MAJOR PHARMACEUTICALS,2014,2,5
MAJOR PHARMACEUTICALS,2014,3,1
MAJOR PHARMACEUTICALS,2014,6,7
MAJOR PHARMACEUTICALS,2014,10,7
MCKESSON,2011,4,1
MCKESSON,2011,5,1
MCKESSON,2011,8,1
MCKESSON,2011,9,3
MCKESSON,2011,11,14
MCKESSON,2011,12,1
MCKESSON,2012,1,6
MCKESSON,2012,2,2
MCKESSON,2012,3,10
MCKESSON,2012,4,1
MCKESSON,2012,5,2
MCKESSON,2012,6,1
MCKESSON,2012,8,2
MCKESSON,2012,12,1
MCKESSON,2013,1,2
MCKESSON,2013,3,2
MCKESSON,2013,6,3
MCKESSON,2013,7,1
MCKESSON,2013,8,3
MCKESSON,2013,10,1
MCKESSON,2014,1,2
MCKESSON,2014,2,1
MCKESSON,2014,4,3
MCKESSON,2014,6,1
MCKESSON,2014,10,1
MCKESSON CONTRACT,2011,1,1
MCKESSON CONTRACT,2011,8,5
MCKESSON CONTRACT,2011,9,33
MCKESSON CONTRACT,2011,10,48
MCKESSON CONTRACT,2011,11,16
MCKESSON CONTRACT,2011,12,17
MCKESSON CONTRACT,2012,1,14
MCKESSON CONTRACT,2012,2,5
MCKESSON CONTRACT,2012,3,2
MCKESSON CONTRACT,2012,4,1
MCKESSON CONTRACT,2012,8,1
MCKESSON CONTRACT,2012,9,2
MCKESSON CONTRACT,2012,10,2
MCKESSON CONTRACT,2013,2,3
MCKESSON CONTRACT,2013,3,2
MCKESSON CONTRACT,2013,4,7
MCKESSON CONTRACT,2013,5,3
MCKESSON CONTRACT,2013,6,2
MCKESSON CONTRACT,2013,8,5
MCKESSON CONTRACT,2014,3,1
MCKESSON PACKAGING,2011,1,1
MCKESSON PACKAGING,2011,2,1
MCKESSON PACKAGING,2011,3,4
MCKESSON PACKAGING,2011,4,1
MCKESSON PACKAGING,2011,5,4
MCKESSON PACKAGING,2011,6,8
MCKESSON PACKAGING,2011,7,7
MCKESSON PACKAGING,2011,8,2
MCKESSON PACKAGING,2011,10,1
MCKESSON PACKAGING,2011,11,4
MCKESSON PACKAGING,2011,12,1
MCKESSON PACKAGING,2012,1,2
MCKESSON PACKAGING,2012,2,2
MCKESSON PACKAGING,2012,3,1
MCKESSON PACKAGING,2012,5,2
MCKESSON PACKAGING,2012,9,4
MCKESSON PACKAGING,2012,10,2
MCKESSON PACKAGING,2012,11,5
MCKESSON PACKAGING,2012,12,1
MCKESSON PACKAGING,2013,1,1
MCKESSON PACKAGING,2013,2,2
MCKESSON PACKAGING,2013,3,8
MCKESSON PACKAGING,2013,4,3
MCKESSON PACKAGING,2013,12,2
MCKESSON PACKAGING,2014,2,1
MCKESSON PACKAGING,2014,4,3
MCKESSON PACKAGING,2014,5,1
MCKESSON PACKAGING,2014,6,9
MYLAN INSTITUTIONAL,2011,3,1
MYLAN INSTITUTIONAL,2011,4,2
MYLAN INSTITUTIONAL,2011,5,17
MYLAN INSTITUTIONAL,2011,7,5
MYLAN INSTITUTIONAL,2011,9,5
MYLAN INSTITUTIONAL,2011,10,5
MYLAN INSTITUTIONAL,2011,11,9
MYLAN INSTITUTIONAL,2011,12,4
MYLAN INSTITUTIONAL,2012,1,20
MYLAN INSTITUTIONAL,2012,2,6
MYLAN INSTITUTIONAL,2012,3,7
MYLAN INSTITUTIONAL,2012,4,4
MYLAN INSTITUTIONAL,2012,5,2
MYLAN INSTITUTIONAL,2012,6,7
MYLAN INSTITUTIONAL,2012,7,2
MYLAN INSTITUTIONAL,2012,8,26
MYLAN INSTITUTIONAL,2012,9,32
MYLAN INSTITUTIONAL,2012,10,2
MYLAN INSTITUTIONAL,2012,11,6
MYLAN INSTITUTIONAL,2012,12,10
MYLAN INSTITUTIONAL,2013,1,6
MYLAN INSTITUTIONAL,2013,2,6
MYLAN INSTITUTIONAL,2013,3,4
MYLAN INSTITUTIONAL,2013,4,23
MYLAN INSTITUTIONAL,2013,5,8
MYLAN INSTITUTIONAL,2013,6,7
MYLAN INSTITUTIONAL,2013,7,2
MYLAN INSTITUTIONAL,2013,9,1
MYLAN INSTITUTIONAL,2013,11,4
MYLAN INSTITUTIONAL,2013,12,1
MYLAN INSTITUTIONAL,2014,1,7
MYLAN INSTITUTIONAL,2014,2,4
MYLAN INSTITUTIONAL,2014,8,6
MYLAN INSTITUTIONAL,2014,9,8
MYLAN INSTITUTIONAL,2014,10,2
MYLAN INSTITUTIONAL,2014,11,3
MYLAN INSTITUTIONAL,2014,12,6
MYLAN PHARMACEUTICALS,2011,1,13
MYLAN PHARMACEUTICALS,2011,2,8
MYLAN PHARMACEUTICALS,2011,3,3
MYLAN PHARMACEUTICALS,2011,4,4
MYLAN PHARMACEUTICALS,2011,5,17
MYLAN PHARMACEUTICALS,2011,8,7
MYLAN PHARMACEUTICALS,2011,10,5
MYLAN PHARMACEUTICALS,2011,11,3
MYLAN PHARMACEUTICALS,2011,12,5
MYLAN PHARMACEUTICALS,2012,2,6
MYLAN PHARMACEUTICALS,2012,3,1
MYLAN PHARMACEUTICALS,2012,4,1
MYLAN PHARMACEUTICALS,2012,5,9
MYLAN PHARMACEUTICALS,2012,6,4
MYLAN PHARMACEUTICALS,2012,7,8
MYLAN PHARMACEUTICALS,2012,8,19
MYLAN PHARMACEUTICALS,2012,9,18
MYLAN PHARMACEUTICALS,2012,10,19
MYLAN PHARMACEUTICALS,2012,11,4
MYLAN PHARMACEUTICALS,2012,12,19
MYLAN PHARMACEUTICALS,2013,1,5
MYLAN PHARMACEUTICALS,2013,2,10
MYLAN PHARMACEUTICALS,2013,3,24
MYLAN PHARMACEUTICALS,2013,4,2
MYLAN PHARMACEUTICALS,2013,5,12
MYLAN PHARMACEUTICALS,2013,6,3
MYLAN PHARMACEUTICALS,2013,7,5
MYLAN PHARMACEUTICALS,2013,8,3
MYLAN PHARMACEUTICALS,2013,9,6
MYLAN PHARMACEUTICALS,2013,11,2
MYLAN PHARMACEUTICALS,2013,12,3
MYLAN PHARMACEUTICALS,2014,1,6
MYLAN PHARMACEUTICALS,2014,2,11
MYLAN PHARMACEUTICALS,2014,3,3
MYLAN PHARMACEUTICALS,2014,4,1
MYLAN PHARMACEUTICALS,2014,5,6
MYLAN PHARMACEUTICALS,2014,6,7
MYLAN PHARMACEUTICALS,2014,7,6
MYLAN PHARMACEUTICALS,2014,8,4
MYLAN PHARMACEUTICALS,2014,9,9
MYLAN PHARMACEUTICALS,2014,10,2
MYLAN PHARMACEUTICALS,2014,11,2
MYLAN PHARMACEUTICALS,2014,12,8
NCS HEALTHCARE,2011,1,14
NCS HEALTHCARE,2011,3,3
NCS HEALTHCARE,2011,4,1
NCS HEALTHCARE,2011,5,7
NCS HEALTHCARE,2011,6,3
NCS HEALTHCARE,2011,7,6
NCS HEALTHCARE,2011,8,1
NCS HEALTHCARE,2011,9,3
NCS HEALTHCARE,2011,10,12
NCS HEALTHCARE,2011,11,2
NCS HEALTHCARE,2012,1,1
NCS HEALTHCARE,2012,2,2
NCS HEALTHCARE,2012,3,12
NCS HEALTHCARE,2012,4,2
NCS HEALTHCARE,2012,5,1
NCS HEALTHCARE,2012,6,2
NCS HEALTHCARE,2012,7,4
NCS HEALTHCARE,2012,8,1
NCS HEALTHCARE,2012,9,3
NCS HEALTHCARE,2012,10,3
NCS HEALTHCARE,2012,12,5
NCS HEALTHCARE,2013,2,3
NCS HEALTHCARE,2013,7,1
NCS HEALTHCARE,2014,3,2
NCS HEALTHCARE,2014,4,2
NCS HEALTHCARE,2014,6,1
NCS HEALTHCARE,2014,8,1
NCS HEALTHCARE,2014,9,2
NORTHSTAR,2011,1,5
NORTHSTAR,2011,2,1
NORTHSTAR,2011,3,5
NORTHSTAR,2011,5,3
NORTHSTAR,2011,10,2
NORTHSTAR,2011,12,3
NORTHSTAR,2012,1,3
NORTHSTAR,2012,3,6
NORTHSTAR,2012,6,5
NORTHSTAR,2012,7,2
NORTHSTAR,2012,8,1
NORTHSTAR,2013,1,4
NORTHSTAR,2013,2,4
NORTHSTAR,2013,4,2
NORTHSTAR,2013,8,2
NORTHSTAR,2013,9,6
NORTHSTAR,2014,1,1
NORTHSTAR,2014,5,3
NORTHSTAR,2014,6,2
NORTHSTAR,2014,11,1
NORTHSTAR,2014,12,6
NORTHWIND PHARMACEUTICALS,2014,2,2
NORTHWIND PHARMACEUTICALS,2014,3,6
NORTHWIND PHARMACEUTICALS,2014,4,13
NORTHWIND PHARMACEUTICALS,2014,5,27
NORTHWIND PHARMACEUTICALS,2014,6,19
NORTHWIND PHARMACEUTICALS,2014,7,16
NORTHWIND PHARMACEUTICALS,2014,8,8
NORTHWIND PHARMACEUTICALS,2014,9,13
NORTHWIND PHARMACEUTICALS,2014,10,12
NORTHWIND PHARMACEUTICALS,2014,11,15
NORTHWIND PHARMACEUTICALS,2014,12,12
PAR PHARMACEUTICALS,2011,1,10
PAR PHARMACEUTICALS,2011,4,1
PAR PHARMACEUTICALS,2011,6,4
PAR PHARMACEUTICALS,2011,8,2
PAR PHARMACEUTICALS,2011,9,3
PAR PHARMACEUTICALS,2011,10,10
PAR PHARMACEUTICALS,2011,11,6
PAR PHARMACEUTICALS,2011,12,1
PAR PHARMACEUTICALS,2012,2,2
PAR PHARMACEUTICALS,2012,4,1
PAR PHARMACEUTICALS,2012,5,1
PAR PHARMACEUTICALS,2012,6,3
PAR PHARMACEUTICALS,2012,7,3
PAR PHARMACEUTICALS,2012,8,1
PAR PHARMACEUTICALS,2012,10,1
PAR PHARMACEUTICALS,2012,11,5
PAR PHARMACEUTICALS,2013,1,6
PAR PHARMACEUTICALS,2013,2,1
PAR PHARMACEUTICALS,2013,3,4
PAR PHARMACEUTICALS,2013,4,1
PAR PHARMACEUTICALS,2013,7,2
PAR PHARMACEUTICALS,2013,8,3
PAR PHARMACEUTICALS,2013,9,5
PAR PHARMACEUTICALS,2013,11,2
PAR PHARMACEUTICALS,2013,12,2
PAR PHARMACEUTICALS,2014,4,3
PAR PHARMACEUTICALS,2014,6,2
PAR PHARMACEUTICALS,2014,7,1
PAR PHARMACEUTICALS,2014,8,1
PAR PHARMACEUTICALS,2014,9,5
PD PHARMACEUTICALS,2011,1,14
PD PHARMACEUTICALS,2011,2,3
PD PHARMACEUTICALS,2011,3,4
PD PHARMACEUTICALS,2011,4,6
PD PHARMACEUTICALS,2011,5,14
PD PHARMACEUTICALS,2011,6,13
PD PHARMACEUTICALS,2011,7,1
PD PHARMACEUTICALS,2011,8,7
PD PHARMACEUTICALS,2011,9,10
PD PHARMACEUTICALS,2011,10,4
PD PHARMACEUTICALS,2011,11,6
PD PHARMACEUTICALS,2011,12,5
PD PHARMACEUTICALS,2012,1,4
PD PHARMACEUTICALS,2012,3,2
PD PHARMACEUTICALS,2012,4,2
PD PHARMACEUTICALS,2012,5,4
PD PHARMACEUTICALS,2012,7,5
PD PHARMACEUTICALS,2012,8,7
PD PHARMACEUTICALS,2012,9,3
PD PHARMACEUTICALS,2012,10,1
PD PHARMACEUTICALS,2012,12,2
PD PHARMACEUTICALS,2013,2,2
PD PHARMACEUTICALS,2013,4,2
PD PHARMACEUTICALS,2013,7,3
PD PHARMACEUTICALS,2013,10,2
PD PHARMACEUTICALS,2013,11,1
PD PHARMACEUTICALS,2014,2,3
PD PHARMACEUTICALS,2014,7,2
PFIZER LABORATORIES,2011,5,32
PFIZER LABORATORIES,2011,7,4
PFIZER LABORATORIES,2011,9,4
PFIZER LABORATORIES,2011,10,3
PFIZER LABORATORIES,2011,12,4
PFIZER LABORATORIES,2012,1,1
PFIZER LABORATORIES,2012,2,1
PFIZER LABORATORIES,2012,3,6
PFIZER LABORATORIES,2012,4,2
PFIZER LABORATORIES,2012,7,4
PFIZER LABORATORIES,2012,8,6
PFIZER LABORATORIES,2012,9,3
PFIZER LABORATORIES,2012,11,2
PFIZER LABORATORIES,2012,12,1
PFIZER LABORATORIES,2013,5,1
PHYSICIANS TOTAL,2011,1,4
PHYSICIANS TOTAL,2011,2,1
PHYSICIANS TOTAL,2011,3,1
PHYSICIANS TOTAL,2011,4,5
PHYSICIANS TOTAL,2011,5,7
PHYSICIANS TOTAL,2011,6,9
PHYSICIANS TOTAL,2011,7,7
PHYSICIANS TOTAL,2011,8,1
PHYSICIANS TOTAL,2011,9,12
PHYSICIANS TOTAL,2011,11,1
PHYSICIANS TOTAL,2011,12,5
PHYSICIANS TOTAL,2012,1,2
PHYSICIANS TOTAL,2012,2,2
PHYSICIANS TOTAL,2012,3,1
PHYSICIANS TOTAL,2012,4,9
PHYSICIANS TOTAL,2012,5,2
PHYSICIANS TOTAL,2012,7,2
PHYSICIANS TOTAL,2012,8,7
PHYSICIANS TOTAL,2012,9,1
PHYSICIANS TOTAL,2012,10,2
PHYSICIANS TOTAL,2012,12,2
PHYSICIANS TOTAL,2013,1,4
PHYSICIANS TOTAL,2013,6,1
PHYSICIANS TOTAL,2013,10,2
PHYSICIANS TOTAL,2014,5,2
PHYSICIANS TOTAL,2014,9,1
PREFERRED PHARMACEUTICALS,2011,1,5
PREFERRED PHARMACEUTICALS,2011,2,1
PREFERRED PHARMACEUTICALS,2011,3,11
PREFERRED PHARMACEUTICALS,2011,4,1
PREFERRED PHARMACEUTICALS,2011,5,3
PREFERRED PHARMACEUTICALS,2011,6,18
PREFERRED PHARMACEUTICALS,2011,7,8
PREFERRED PHARMACEUTICALS,2011,8,2
PREFERRED PHARMACEUTICALS,2011,9,2
PREFERRED PHARMACEUTICALS,2011,11,7
PREFERRED PHARMACEUTICALS,2012,1,56
PREFERRED PHARMACEUTICALS,2012,2,26
PREFERRED PHARMACEUTICALS,2012,3,25
PREFERRED PHARMACEUTICALS,2012,4,24
PREFERRED PHARMACEUTICALS,2012,5,3
PREFERRED PHARMACEUTICALS,2012,6,8
PREFERRED PHARMACEUTICALS,2012,7,17
PREFERRED PHARMACEUTICALS,2012,8,3
PREFERRED PHARMACEUTICALS,2012,9,4
PREFERRED PHARMACEUTICALS,2012,10,6
PREFERRED PHARMACEUTICALS,2012,11,5
PREFERRED PHARMACEUTICALS,2012,12,4
PREFERRED PHARMACEUTICALS,2013,1,8
PREFERRED PHARMACEUTICALS,2013,2,9
PREFERRED PHARMACEUTICALS,2013,3,19
PREFERRED PHARMACEUTICALS,2013,4,13
PREFERRED PHARMACEUTICALS,2013,5,2
PREFERRED PHARMACEUTICALS,2013,6,7
PREFERRED PHARMACEUTICALS,2013,7,5
PREFERRED PHARMACEUTICALS,2013,8,6
PREFERRED PHARMACEUTICALS,2013,9,4
PREFERRED PHARMACEUTICALS,2013,10,5
PREFERRED PHARMACEUTICALS,2013,11,6
PREFERRED PHARMACEUTICALS,2013,12,10
PREFERRED PHARMACEUTICALS,2014,1,6
PREFERRED PHARMACEUTICALS,2014,2,18
PREFERRED PHARMACEUTICALS,2014,3,9
PREFERRED PHARMACEUTICALS,2014,4,11
PREFERRED PHARMACEUTICALS,2014,5,10
PREFERRED PHARMACEUTICALS,2014,6,5
PREFERRED PHARMACEUTICALS,2014,7,9
PREFERRED PHARMACEUTICALS,2014,8,6
PREFERRED PHARMACEUTICALS,2014,9,7
PREFERRED PHARMACEUTICALS,2014,10,20
PREFERRED PHARMACEUTICALS,2014,11,20
PREFERRED PHARMACEUTICALS,2014,12,6
PR ICIENT,2011,1,6
PR ICIENT,2011,2,1
PR ICIENT,2011,3,2
PR ICIENT,2011,4,1
PR ICIENT,2011,5,1
PR ICIENT,2011,6,7
PR ICIENT,2011,7,3
PR ICIENT,2011,8,2
PR ICIENT,2011,10,4
PR ICIENT,2011,11,2
PR ICIENT,2012,1,5
PR ICIENT,2012,2,1
PR ICIENT,2012,3,5
PR ICIENT,2012,4,5
PR ICIENT,2012,8,3
PR ICIENT,2012,10,1
PR ICIENT,2013,1,1
PR ICIENT,2013,2,1
PR ICIENT,2013,3,5
PR ICIENT,2013,4,2
PR ICIENT,2013,5,1
PR ICIENT,2013,8,1
PR ICIENT,2013,11,3
PR ICIENT,2013,12,2
PR ICIENT,2014,1,1
PR ICIENT,2014,2,1
PR ICIENT,2014,3,1
PR ICIENT,2014,4,3
PR ICIENT,2014,6,3
PR ICIENT,2014,7,1
PR ICIENT,2014,8,1
PR ICIENT,2014,12,2
QUALITEST PHARMACEUTICALS,2011,2,1
QUALITEST PHARMACEUTICALS,2011,3,4
QUALITEST PHARMACEUTICALS,2011,5,2
QUALITEST PHARMACEUTICALS,2011,6,1
QUALITEST PHARMACEUTICALS,2011,11,1
QUALITEST PHARMACEUTICALS,2011,12,2
QUALITEST PHARMACEUTICALS,2012,1,4
QUALITEST PHARMACEUTICALS,2012,4,1
QUALITEST PHARMACEUTICALS,2012,7,4
QUALITEST PHARMACEUTICALS,2012,8,3
QUALITEST PHARMACEUTICALS,2012,9,5
QUALITEST PHARMACEUTICALS,2012,12,3
QUALITEST PHARMACEUTICALS,2013,1,2
QUALITEST PHARMACEUTICALS,2013,2,3
QUALITEST PHARMACEUTICALS,2013,3,8
QUALITEST PHARMACEUTICALS,2013,7,3
QUALITEST PHARMACEUTICALS,2014,2,3
QUALITEST PHARMACEUTICALS,2014,6,1
QUALITEST PHARMACEUTICALS,2014,9,3
QUALITEST PHARMACEUTICALS,2014,11,1
QUALITEST PHARMACEUTICALS,2014,12,2
REBEL DISTRIBUTORS,2011,1,12
REBEL DISTRIBUTORS,2011,2,4
REBEL DISTRIBUTORS,2011,3,5
REBEL DISTRIBUTORS,2011,4,1
REBEL DISTRIBUTORS,2011,5,1
REBEL DISTRIBUTORS,2011,6,4
REBEL DISTRIBUTORS,2011,7,5
REBEL DISTRIBUTORS,2011,8,6
REBEL DISTRIBUTORS,2011,9,3
REBEL DISTRIBUTORS,2011,10,8
REBEL DISTRIBUTORS,2011,12,1
REBEL DISTRIBUTORS,2012,1,1
REBEL DISTRIBUTORS,2012,3,6
REBEL DISTRIBUTORS,2012,4,1
REBEL DISTRIBUTORS,2012,5,1
REBEL DISTRIBUTORS,2012,8,1
REMEDYREPACK,2011,1,2
REMEDYREPACK,2011,2,1
REMEDYREPACK,2011,3,39
REMEDYREPACK,2011,4,72
REMEDYREPACK,2011,5,50
REMEDYREPACK,2011,6,45
REMEDYREPACK,2011,7,65
REMEDYREPACK,2011,8,65
REMEDYREPACK,2011,9,52
REMEDYREPACK,2011,10,30
REMEDYREPACK,2011,11,34
REMEDYREPACK,2011,12,37
REMEDYREPACK,2012,1,5
REMEDYREPACK,2012,3,34
REMEDYREPACK,2012,7,3
REMEDYREPACK,2012,8,13
REMEDYREPACK,2012,9,20
REMEDYREPACK,2012,10,5
REMEDYREPACK,2012,11,2
REMEDYREPACK,2012,12,8
REMEDYREPACK,2013,1,6
REMEDYREPACK,2013,2,86
REMEDYREPACK,2013,3,124
REMEDYREPACK,2013,4,45
REMEDYREPACK,2013,5,214
REMEDYREPACK,2013,6,80
REMEDYREPACK,2013,7,44
REMEDYREPACK,2013,8,13
REMEDYREPACK,2013,9,28
REMEDYREPACK,2013,10,26
REMEDYREPACK,2013,11,25
REMEDYREPACK,2013,12,21
REMEDYREPACK,2014,1,14
REMEDYREPACK,2014,2,27
REMEDYREPACK,2014,3,24
REMEDYREPACK,2014,4,23
REMEDYREPACK,2014,5,20
REMEDYREPACK,2014,6,21
REMEDYREPACK,2014,7,8
REMEDYREPACK,2014,8,21
REMEDYREPACK,2014,9,11
REMEDYREPACK,2014,10,26
REMEDYREPACK,2014,11,15
REMEDYREPACK,2014,12,18
SAGENT PHARMACEUTICALS,2011,1,1
SAGENT PHARMACEUTICALS,2011,6,5
SAGENT PHARMACEUTICALS,2011,7,2
SAGENT PHARMACEUTICALS,2011,8,3
SAGENT PHARMACEUTICALS,2011,9,1
SAGENT PHARMACEUTICALS,2011,10,3
SAGENT PHARMACEUTICALS,2011,12,2
SAGENT PHARMACEUTICALS,2012,1,1
SAGENT PHARMACEUTICALS,2012,3,4
SAGENT PHARMACEUTICALS,2012,4,1
SAGENT PHARMACEUTICALS,2012,5,3
SAGENT PHARMACEUTICALS,2012,6,4
SAGENT PHARMACEUTICALS,2012,8,5
SAGENT PHARMACEUTICALS,2012,9,12
SAGENT PHARMACEUTICALS,2012,10,3
SAGENT PHARMACEUTICALS,2013,3,1
SAGENT PHARMACEUTICALS,2013,7,2
SAGENT PHARMACEUTICALS,2013,10,2
SAGENT PHARMACEUTICALS,2013,11,1
SAGENT PHARMACEUTICALS,2013,12,5
SAGENT PHARMACEUTICALS,2014,3,1
SAGENT PHARMACEUTICALS,2014,7,5
SAGENT PHARMACEUTICALS,2014,8,2
SAGENT PHARMACEUTICALS,2014,9,10
SAGENT PHARMACEUTICALS,2014,12,5
S OZ,2011,1,1
S OZ,2011,3,5
S OZ,2011,5,8
S OZ,2011,6,3
S OZ,2011,7,3
S OZ,2011,8,1
S OZ,2011,9,1
S OZ,2011,10,4
S OZ,2011,12,2
S OZ,2012,1,3
S OZ,2012,4,1
S OZ,2012,5,5
S OZ,2012,6,6
S OZ,2012,7,4
S OZ,2012,8,3
S OZ,2012,10,6
S OZ,2012,11,5
S OZ,2013,1,2
S OZ,2013,2,14
S OZ,2013,3,4
S OZ,2013,4,7
S OZ,2013,5,7
S OZ,2013,7,4
S OZ,2013,8,2
S OZ,2013,12,1
S OZ,2014,1,2
S OZ,2014,2,1
S OZ,2014,3,5
S OZ,2014,4,5
S OZ,2014,7,3
S OZ,2014,8,1
S OZ,2014,9,3
S OZ,2014,10,3
STATE FLORIDA,2012,1,1
STATE FLORIDA,2012,6,1
STATE FLORIDA,2013,1,95
STATE FLORIDA,2013,9,1
STATE FLORIDA,2013,12,1
STATE FLORIDA,2014,1,57
STATE FLORIDA,2014,10,1
STATE FLORIDA,2014,11,50
ST MARYS,2011,1,5
ST MARYS,2011,9,1
ST MARYS,2012,8,1
ST MARYS,2013,1,4
ST MARYS,2013,2,1
ST MARYS,2013,4,6
ST MARYS,2013,5,32
ST MARYS,2013,7,8
ST MARYS,2013,8,11
ST MARYS,2014,1,17
ST MARYS,2014,2,3
ST MARYS,2014,4,27
ST MARYS,2014,5,15
ST MARYS,2014,8,2
SUN PHARMA,2011,2,3
SUN PHARMA,2011,6,1
SUN PHARMA,2011,7,2
SUN PHARMA,2011,8,2
SUN PHARMA,2011,9,2
SUN PHARMA,2011,10,5
SUN PHARMA,2011,11,1
SUN PHARMA,2011,12,6
SUN PHARMA,2012,2,1
SUN PHARMA,2012,3,6
SUN PHARMA,2012,5,4
SUN PHARMA,2012,7,1
SUN PHARMA,2013,1,2
SUN PHARMA,2013,2,3
SUN PHARMA,2013,3,2
SUN PHARMA,2013,7,1
SUN PHARMA,2013,9,4
SUN PHARMA,2013,12,4
SUN PHARMA,2014,1,2
SUN PHARMA,2014,2,6
SUN PHARMA,2014,3,1
SUN PHARMA,2014,4,5
SUN PHARMA,2014,6,5
SUN PHARMA,2014,11,2
SUN PHARMA,2014,12,22
SUN PHARMACEUTICALS,2011,2,1
SUN PHARMACEUTICALS,2011,6,3
SUN PHARMACEUTICALS,2011,10,1
SUN PHARMACEUTICALS,2011,11,3
SUN PHARMACEUTICALS,2012,1,6
SUN PHARMACEUTICALS,2012,2,9
SUN PHARMACEUTICALS,2012,4,7
SUN PHARMACEUTICALS,2012,8,3
SUN PHARMACEUTICALS,2012,9,1
SUN PHARMACEUTICALS,2012,11,2
SUN PHARMACEUTICALS,2013,1,1
SUN PHARMACEUTICALS,2013,2,1
SUN PHARMACEUTICALS,2013,4,6
SUN PHARMACEUTICALS,2013,6,4
SUN PHARMACEUTICALS,2013,7,6
SUN PHARMACEUTICALS,2013,8,4
SUN PHARMACEUTICALS,2014,2,1
SUN PHARMACEUTICALS,2014,4,1
SUN PHARMACEUTICALS,2014,9,1
SUN PHARMACEUTICALS,2014,12,6
TEVA PHARMACEUTICALS,2011,2,1
TEVA PHARMACEUTICALS,2011,3,2
TEVA PHARMACEUTICALS,2011,4,1
TEVA PHARMACEUTICALS,2011,5,2
TEVA PHARMACEUTICALS,2011,6,5
TEVA PHARMACEUTICALS,2011,7,3
TEVA PHARMACEUTICALS,2011,9,3
TEVA PHARMACEUTICALS,2011,10,7
TEVA PHARMACEUTICALS,2011,12,1
TEVA PHARMACEUTICALS,2012,1,2
TEVA PHARMACEUTICALS,2012,2,2
TEVA PHARMACEUTICALS,2012,3,12
TEVA PHARMACEUTICALS,2012,4,1
TEVA PHARMACEUTICALS,2012,5,1
TEVA PHARMACEUTICALS,2012,6,6
TEVA PHARMACEUTICALS,2012,7,6
TEVA PHARMACEUTICALS,2012,8,4
TEVA PHARMACEUTICALS,2012,9,7
TEVA PHARMACEUTICALS,2012,10,4
TEVA PHARMACEUTICALS,2012,11,1
TEVA PHARMACEUTICALS,2013,1,1
TEVA PHARMACEUTICALS,2013,2,5
TEVA PHARMACEUTICALS,2013,3,4
TEVA PHARMACEUTICALS,2013,4,6
TEVA PHARMACEUTICALS,2013,5,2
TEVA PHARMACEUTICALS,2013,7,4
TEVA PHARMACEUTICALS,2013,8,10
TEVA PHARMACEUTICALS,2013,9,7
TEVA PHARMACEUTICALS,2013,11,3
TEVA PHARMACEUTICALS,2013,12,3
TEVA PHARMACEUTICALS,2014,1,1
TEVA PHARMACEUTICALS,2014,2,1
TEVA PHARMACEUTICALS,2014,3,5
TEVA PHARMACEUTICALS,2014,4,5
TEVA PHARMACEUTICALS,2014,5,3
TEVA PHARMACEUTICALS,2014,6,1
TEVA PHARMACEUTICALS,2014,9,2
TEVA PHARMACEUTICALS,2014,11,1
TEVA PHARMACEUTICALS,2014,12,14
TORRENT PHARMACEUTICALS,2011,1,5
TORRENT PHARMACEUTICALS,2011,5,2
TORRENT PHARMACEUTICALS,2011,6,6
TORRENT PHARMACEUTICALS,2011,7,1
TORRENT PHARMACEUTICALS,2011,10,4
TORRENT PHARMACEUTICALS,2011,11,3
TORRENT PHARMACEUTICALS,2012,3,6
TORRENT PHARMACEUTICALS,2012,4,6
TORRENT PHARMACEUTICALS,2012,5,3
TORRENT PHARMACEUTICALS,2012,8,3
TORRENT PHARMACEUTICALS,2012,9,3
TORRENT PHARMACEUTICALS,2012,11,1
TORRENT PHARMACEUTICALS,2013,2,5
TORRENT PHARMACEUTICALS,2013,11,5
TORRENT PHARMACEUTICALS,2013,12,7
TORRENT PHARMACEUTICALS,2014,1,4
TORRENT PHARMACEUTICALS,2014,2,3
TORRENT PHARMACEUTICALS,2014,4,1
TORRENT PHARMACEUTICALS,2014,7,3
TORRENT PHARMACEUTICALS,2014,10,5
UNIT DOSE,2011,1,9
UNIT DOSE,2011,5,3
UNIT DOSE,2011,6,1
UNIT DOSE,2011,7,3
UNIT DOSE,2011,8,6
UNIT DOSE,2011,9,1
UNIT DOSE,2011,10,2
UNIT DOSE,2011,11,3
UNIT DOSE,2011,12,4
UNIT DOSE,2012,3,4
UNIT DOSE,2012,4,1
UNIT DOSE,2012,5,7
UNIT DOSE,2012,6,1
UNIT DOSE,2012,7,1
UNIT DOSE,2012,8,4
UNIT DOSE,2012,9,3
UNIT DOSE,2012,10,1
UNIT DOSE,2012,11,1
UNIT DOSE,2012,12,3
UNIT DOSE,2013,7,1
UNIT DOSE,2013,9,1
UNIT DOSE,2013,11,1
UNIT DOSE,2013,12,3
UNIT DOSE,2014,4,3
UPSHER SMITH,2011,1,8
UPSHER SMITH,2011,2,10
UPSHER SMITH,2011,5,9
UPSHER SMITH,2011,8,5
UPSHER SMITH,2011,9,1
UPSHER SMITH,2011,10,1
UPSHER SMITH,2011,11,1
UPSHER SMITH,2011,12,1
UPSHER SMITH,2012,1,1
UPSHER SMITH,2013,3,4
UPSHER SMITH,2013,6,7
UPSHER SMITH,2014,3,3
UPSHER SMITH,2014,9,3
WATSON LABORATORIES,2011,1,8
WATSON LABORATORIES,2011,2,3
WATSON LABORATORIES,2011,3,7
WATSON LABORATORIES,2011,5,2
WATSON LABORATORIES,2011,6,2
WATSON LABORATORIES,2011,7,5
WATSON LABORATORIES,2011,8,7
WATSON LABORATORIES,2011,9,2
WATSON LABORATORIES,2011,10,1
WATSON LABORATORIES,2011,11,9
WATSON LABORATORIES,2012,3,1
WATSON LABORATORIES,2012,4,2
WATSON LABORATORIES,2012,6,7
WATSON LABORATORIES,2012,8,3
WATSON LABORATORIES,2012,10,5
WATSON LABORATORIES,2012,12,1
WATSON LABORATORIES,2013,2,1
WATSON LABORATORIES,2013,3,7
WATSON LABORATORIES,2013,4,3
WATSON LABORATORIES,2013,5,1
WATSON LABORATORIES,2013,9,1
WATSON LABORATORIES,2014,5,3
WEST WARD,2011,1,2
WEST WARD,2011,3,1
WEST WARD,2011,4,7
WEST WARD,2011,5,2
WEST WARD,2011,6,3
WEST WARD,2011,7,1
WEST WARD,2011,9,7
WEST WARD,2011,10,1
WEST WARD,2012,1,5
WEST WARD,2012,5,1
WEST WARD,2012,9,4
WEST WARD,2012,11,5
WEST WARD,2013,2,6
WEST WARD,2013,4,1
WEST WARD,2013,6,1
WEST WARD,2013,8,2
WEST WARD,2013,9,3
WEST WARD,2013,10,2
WEST WARD,2013,12,4
WEST WARD,2014,12,3
ZYDUS PHARMACEUTICALS,2011,1,1
ZYDUS PHARMACEUTICALS,2011,5,4
ZYDUS PHARMACEUTICALS,2011,6,4
ZYDUS PHARMACEUTICALS,2011,10,3
ZYDUS PHARMACEUTICALS,2012,2,1
ZYDUS PHARMACEUTICALS,2012,10,4
ZYDUS PHARMACEUTICALS,2012,11,6
ZYDUS PHARMACEUTICALS,2012,12,5
ZYDUS PHARMACEUTICALS,2013,1,2
ZYDUS PHARMACEUTICALS,2013,3,2
ZYDUS PHARMACEUTICALS,2013,5,2
ZYDUS PHARMACEUTICALS,2013,8,2
ZYDUS PHARMACEUTICALS,2013,12,3
ZYDUS PHARMACEUTICALS,2014,1,1
ZYDUS PHARMACEUTICALS,2014,2,4
ZYDUS PHARMACEUTICALS,2014,4,4
ZYDUS PHARMACEUTICALS,2014,5,7
ZYDUS PHARMACEUTICALS,2014,8,6
ZYDUS PHARMACEUTICALS,2014,9,2
ZYDUS PHARMACEUTICALS,2014,12,3
