nonproprietaryname,dosageform,totsuppliers,totreleases,firstmktdate,bxgxdiff,nsuppliers,nreleases
DICLOFENAC EPOLAMINE,PATCH,6,6,2008-01-14,308,1,1
PRAMIPEXOLE DIHYDROCHLORIDE,TABLET,8,12,2003-09-04,2311,17,61
BUDESONIDE,CAPSULE,4,4,2001-10-29,3613,1,1
FENTANYL,PATCH,4,12,1990-08-07,5288,3,13
CLINDAMYCIN HYDROCHLORIDE,CAPSULE,2,5,1970-05-22,10357,5,6
KETOROLAC TROMETHAMINE,SOLUTION/ DROPS,4,4,1992-12-01,6215,1,1
TRAMADOL HYDROCHLORIDE ACETAMINOPHEN,TABLET,1,1,2001-08-15,1345,4,4
CICLOPIROX,SHAMPOO,1,1,2003-03-20,2526,3,4
METHYLPREDNISOLONE,TABLET,2,7,1957-10-24,14617,9,13
FAMOTIDINE,POWDER  FOR SUSPENSION,1,1,1987-06-01,8396,2,2
TR OLAPRIL VERAPAMIL HYDROCHLORIDE,TABLET  FILM COATED  EXTENDED RELEASE,4,7,1996-10-22,4943,1,4
LEVONORGESTREL,TABLET,2,2,2003-08-14,2168,5,6
LIDOCAINE HYDROCHLORIDE,INJECTION  SOLUTION,4,6,1980-12-19,6492,1,15
BUTALBITAL ACETAMINOPHEN CAFFEINE CODEINE PHOSPHATE,CAPSULE,1,1,1992-07-30,3156,2,2
ENOXAPARIN SODIUM,INJECTION,7,31,1993-03-29,6325,3,31
PANTOPRAZOLE SODIUM,TABLET  DELAYED RELEASE,5,7,2000-05-01,2688,9,12
METHYLPHENIDATE HYDROCHLORIDE,TABLET,3,7,1955-12-31,15217,3,7
METRONIDAZOLE,GEL,4,4,1994-12-19,4187,6,7
BRIMONIDINE TARTRATE,SOLUTION/ DROPS,3,3,2001-07-10,687,2,2
MANNITOL,INJECTION  SOLUTION,4,10,1964-06-08,13068,1,1
METOPROLOL TARTRATE,TABLET,1,2,1978-01-15,6904,9,20
CLARITHROMYCIN,TABLET  FILM COATED  EXTENDED RELEASE,2,2,2000-03-03,2303,5,6
FLUTICASONE PROPIONATE,LOTION,2,3,2009-10-05,738,1,1
LEVOCETIRIZINE DIHYDROCHLORIDE,SOLUTION,4,4,2008-04-02,1314,1,1
BUPIVACAINE HYDROCHLORIDE,INJECTION  SOLUTION,8,16,1978-04-17,11587,4,19
AMOXICILLIN,POWDER  FOR SUSPENSION,3,5,1999-04-15,1413,5,10
OXYCODONE HYDROCHLORIDE ASPIRIN,TABLET,1,1,1950-04-12,22300,2,2
DILTIAZEM HYDROCHLORIDE,CAPSULE  EXTENDED RELEASE,1,3,1992-05-29,1799,13,40
LAMOTRIGINE,TABLET  CHEWABLE,3,3,1998-09-03,2856,8,15
MEFENAMIC ACID,CAPSULE,1,1,1967-03-28,15942,2,2
FLUOROURACIL,CREAM,3,3,1970-07-29,13771,3,4
POLYMYXIN B SULFATE TRIMETHOPRIM SULFATE,SOLUTION/ DROPS,2,2,1990-01-23,2579,2,2
TRIMETHOBENZAMIDE HYDROCHLORIDE,CAPSULE,1,1,2001-12-13,623,2,2
LAMIVUDINE,TABLET  FILM COATED,10,12,1995-11-21,5840,4,7
CIPROFLOXACIN HYDROCHLORIDE,TABLET  FILM COATED  EXTENDED RELEASE,1,1,2005-10-01,541,1,2
DROSPIRENONE ETHINYL ESTRADIOL,KIT,6,6,2001-05-11,3406,3,4
AZELASTINE HYDROCHLORIDE,SOLUTION/ DROPS,1,1,2000-05-22,3480,2,2
AMLODIPINE BESYLATE BENAZEPRIL HYDROCHLORIDE,CAPSULE,13,40,1995-03-03,4462,6,17
HYDROMORPHONE HYDROCHLORIDE,INJECTION  SOLUTION,2,4,1926-01-01,30118,2,4
MOMETASONE FUROATE,OINTMENT,1,1,1987-04-30,6042,6,6
RISPERIDONE,TABLET,4,26,1993-12-29,5320,13,47
CARISOPRODOL,TABLET,1,1,1959-07-01,13356,6,6
OXYCODONE ASPIRIN,TABLET,1,1,1994-05-20,1379,1,1
HALOPERIDOL DECANOATE,INJECTION,1,2,1986-01-14,4889,3,7
ESTRADIOL NORETHINDRONE ACETATE,TABLET  FILM COATED,2,2,2003-07-22,1731,3,3
LANSOPRAZOLE,TABLET  ORALLY DISINTEGRATING  DELAYED RELEASE,5,6,2002-08-30,3014,1,1
INDOMETHACIN,CAPSULE,1,1,1984-04-20,4023,4,5
DESLORATADINE,TABLET  FILM COATED,2,2,2001-12-21,3260,1,1
LIDOCAINE PRILOCAINE,CREAM,1,1,1992-12-30,3883,6,6
MOMETASONE FUROATE,CREAM,3,3,1987-05-06,6439,11,11
NISOLDIPINE,TABLET  FILM COATED  EXTENDED RELEASE,1,3,1995-02-02,4922,2,8
STAVUDINE,POWDER  FOR SOLUTION,1,1,1996-09-06,4497,1,1
PODOFILOX,SOLUTION,2,2,1990-12-13,4065,1,1
EPINASTINE HYDROCHLORIDE,SOLUTION/ DROPS,1,1,2004-01-19,2843,1,1
METHENAMINE HIPPURATE,TABLET,1,1,1976-09-09,9791,4,4
FELBAMATE,TABLET,1,2,1993-07-29,6623,2,3
CLARITHROMYCIN,GRANULE  FOR SUSPENSION,2,3,1993-12-23,5032,1,2
METOPROLOL SUCCINATE,TABLET  EXTENDED RELEASE,9,14,1992-02-01,6393,5,7
MODAFINIL,TABLET,8,10,1998-12-24,3389,1,2
URSODIOL,CAPSULE,6,6,1987-12-31,6853,3,3
LOSARTAN POTASSIUM HYDROCHLOROTHIAZIDE,TABLET  FILM COATED,7,11,1995-04-28,5457,19,37
TRIAMCINOLONE ACETONIDE,INJECTION  SUSPENSION,2,2,1996-06-11,4733,1,2
CARBIDOPA LEVODOPA,TABLET  EXTENDED RELEASE,1,2,1991-05-30,3051,2,4
DOXAZOSIN MESYLATE,TABLET,1,4,1990-11-02,3639,9,29
PREDNISOLONE SODIUM PHOSPHATE,SOLUTION,1,1,1986-05-28,5314,4,4
AMILORIDE HYDROCHLORIDE,TABLET,1,1,2005-01-28,1554,3,3
SODIUM CHLORIDE POTASSIUM CHLORIDE,INJECTION  SOLUTION,1,2,1988-10-17,7268,1,1
DILTIAZEM HYDROCHLORIDE,CAPSULE,2,4,1993-06-16,4823,1,4
VALPROIC ACID,CAPSULE  LIQUID FILLED,1,1,1978-02-28,9863,3,3
LORATADINE,TABLET,1,5,1993-04-12,3571,30,35
MYCOPHENOLATE MOFETIL,TABLET  FILM COATED,2,2,1997-06-19,4337,8,8
METOPROLOL TARTRATE,INJECTION  SOLUTION,1,1,1978-01-15,7477,1,1
BETAMETHASONE VALERATE,OINTMENT,1,1,1983-08-31,4993,1,1
HYDROCHLOROTHIAZIDE,CAPSULE  GELATIN COATED,7,7,1996-12-27,2090,5,5
DOXYCYCLINE,POWDER  FOR SUSPENSION,1,1,1967-12-06,14833,1,1
FINASTERIDE,TABLET  FILM COATED,4,4,1992-06-19,5124,12,12
IBUPROFEN,TABLET  COATED,1,8,1984-05-18,4031,12,12
MICONAZOLE NITRATE,CREAM,1,1,1993-04-26,1032,3,3
LEVOCETIRIZINE DIHYDROCHLORIDE,TABLET,2,2,2007-11-06,1116,4,4
METHYLPREDNISOLONE ACETATE,INJECTION  SUSPENSION,4,9,1959-05-28,16721,1,5
NEOMYCIN SULFATE POLYMYXIN B SULFATE DEXAMETHASONE,SUSPENSION,1,1,1964-11-15,11420,4,4
BETAMETHASONE VALERATE,CREAM,3,3,1983-08-31,4429,4,4
METHYLPHENIDATE HYDROCHLORIDE,TABLET  EXTENDED RELEASE,5,8,2000-08-01,3579,2,2
GABAPENTIN,SOLUTION,1,1,2000-03-02,4010,2,2
BETAMETHASONE DIPROPIONATE,LOTION,1,1,1988-08-01,6542,3,3
PROPRANOLOL HYDROCHLORIDE,CAPSULE  EXTENDED RELEASE,3,9,1983-04-19,8703,5,11
RANITIDINE HYDROCHLORIDE,TABLET  FILM COATED,1,2,1989-10-01,2889,3,5
DIPHENOXYLATE HYDROCHLORIDE ATROPINE SULFATE,TABLET,2,2,1960-09-15,12552,4,6
RAMIPRIL,CAPSULE,1,4,1991-01-28,6176,22,62
GABAPENTIN,CAPSULE,4,8,1993-12-30,3543,17,41
IPRATROPIUM BROMIDE,SPRAY  METERED,1,2,1996-01-01,2646,3,4
OXAPROZIN,TABLET  FILM COATED,2,2,1992-10-29,3016,4,4
PIROXICAM,CAPSULE,1,2,1994-05-25,3894,5,7
LEVETIRACETAM,TABLET  FILM COATED  EXTENDED RELEASE,2,2,2008-09-24,1083,5,9
FELODIPINE,TABLET  EXTENDED RELEASE,4,7,1991-09-16,6406,4,7
DEFEROXAMINE MESYLATE,INJECTION  POWDER  LYOPHILIZED  FOR SOLUTION,1,2,1968-04-02,13133,1,2
ATOVAQUONE PROGUANIL HYDROCHLORIDE,TABLET  FILM COATED,2,3,2000-07-26,4040,5,6
AZELASTINE HYDROCHLORIDE,SPRAY  METERED,3,3,1996-11-15,4854,2,2
GALANTAMINE HYDROBROMIDE,CAPSULE  EXTENDED RELEASE,2,6,2004-12-22,1392,5,15
ALFUZOSIN HYDROCHLORIDE,TABLET  EXTENDED RELEASE,3,3,2004-06-22,2582,5,5
METOLAZONE,TABLET,3,5,1973-11-27,10979,7,15
IBUPROFEN PSEUDOEPHEDRINE HCL,SUSPENSION,1,1,2002-04-18,657,4,4
MICONAZOLE NITRATE,KIT,2,5,1993-04-26,2475,9,10
AZITHROMYCIN,POWDER  FOR SUSPENSION,6,9,1995-06-10,5669,3,4
NADOLOL BENDROFLUMETHIAZIDE,TABLET,1,2,1983-05-25,8710,1,2
CEFUROXIME AXETIL,TABLET  FILM COATED,1,2,1989-10-01,4749,8,16
DORZOLAMIDE HYDROCHLORIDE,SOLUTION,2,2,1994-12-09,5529,1,1
TRAMADOL HYDROCHLORIDE,TABLET  EXTENDED RELEASE,4,12,2005-09-08,1527,9,26
DOXYCYCLINE HYCLATE,CAPSULE,1,1,1967-12-05,12788,25,45
NIFEDIPINE,CAPSULE,1,1,1981-12-31,10085,6,7
TERCONAZOLE,SUPPOSITORY,2,2,1988-05-24,6623,3,3
CITALOPRAM HYDROBROMIDE,TABLET  FILM COATED,1,3,1998-07-17,2295,9,20
GEMCITABINE HYDROCHLORIDE,INJECTION  POWDER  LYOPHILIZED  FOR SOLUTION,1,2,1996-05-22,5290,7,18
DIVALPROEX SODIUM,CAPSULE,1,1,1989-09-12,7073,3,3
DESOGESTREL ETHINYL ESTRADIOL,KIT,1,1,1992-12-14,2503,1,1
DIDANOSINE,CAPSULE  DELAYED RELEASE,1,4,2000-10-31,2885,2,8
GANCICLOVIR SODIUM,INJECTION  POWDER  LYOPHILIZED  FOR SOLUTION,1,1,1989-06-23,7675,1,1
HYDROCODONE BITARTRATE IBUPROFEN,TABLET  FILM COATED,1,1,1997-09-23,2030,5,5
WARFARIN SODIUM,TABLET,1,1,1995-07-31,725,11,57
NORGESTIMATE ETHINYL ESTRADIOL,KIT,2,3,1989-12-29,4654,3,5
ONDANSETRON HYDROCHLORIDE,INJECTION,1,1,1991-02-04,5805,5,9
ATOMOXETINE HYDROCHLORIDE,CAPSULE,5,14,2003-01-10,2825,2,14
NAPROXEN SODIUM,TABLET,2,3,1980-09-04,5971,13,13
BETAMETHASONE DIPROPIONATE,OINTMENT,3,3,1983-07-27,6970,3,3
DIVALPROEX SODIUM,TABLET  EXTENDED RELEASE,6,7,2000-08-04,3128,3,8
IMIPENEM CILASTATIN SODIUM,INJECTION  POWDER  FOR SOLUTION,2,3,1985-11-26,9487,3,5
DONEPEZIL HYDROCHLORIDE,TABLET  ORALLY DISINTEGRATING,2,4,2004-10-18,2395,3,6
LEVOFLOXACIN,TABLET  FILM COATED,10,19,1996-12-20,5295,19,50
SPIRONOLACTONE,TABLET  FILM COATED,3,7,1960-01-21,13486,7,10
THIOTHIXENE,CAPSULE,1,5,1967-07-24,16066,5,16
BETAMETHASONE VALERATE,LOTION,2,2,1983-08-31,7741,2,2
FLUOCINOLONE ACETONIDE,OIL,6,7,1988-02-03,8657,1,3
LEUPROLIDE ACETATE,KIT,4,10,1989-01-26,3477,2,2
TRIFLURIDINE,SOLUTION,2,2,1980-04-10,7704,1,1
TRANEXAMIC ACID,INJECTION  SOLUTION,1,1,1986-12-30,9086,2,3
AMOXICILLIN CLAVULANATE POTASSIUM,POWDER  FOR SUSPENSION,8,16,1990-10-22,4244,5,11
ZOLPIDEM TARTRATE,TABLET  FILM COATED,4,9,1993-04-01,5135,23,48
METHSCOPOLAMINE BROMIDE,TABLET,2,4,1953-04-09,19621,2,3
LOVASTATIN,TABLET,1,2,1987-08-31,5222,19,51
DEXTROAMPHETAMINE SULFATE,CAPSULE  EXTENDED RELEASE,2,6,1976-08-02,9339,1,3
HYDROXYZINE HYDROCHLORIDE,SOLUTION,1,1,1957-09-18,16275,2,2
FENOFIBRATE,TABLET,10,15,2004-11-05,656,1,2
GALANTAMINE HYDROBROMIDE,SOLUTION,1,1,2001-06-22,2975,1,1
BETAMETHASONE DIPROPIONATE,CREAM,3,4,1984-06-26,6643,5,5
CYCLOSPORINE,SOLUTION,2,2,1983-11-14,7758,2,2
HYDROMORPHONE HYDROCHLORIDE,TABLET,3,5,1926-01-01,29846,8,21
CLONIDINE,PATCH  EXTENDED RELEASE,2,4,1985-10-01,9094,2,4
CARBAMAZEPINE,SUSPENSION,1,1,1987-12-18,5283,4,4
OXYMORPHONE HYDROCHLORIDE,TABLET  EXTENDED RELEASE,1,1,2006-06-30,1645,2,8
PHENYTOIN,SUSPENSION,1,1,1953-01-06,18066,4,5
NORETHINDRONE ETHINYL ESTRADIOL FERROUS FUMARATE,KIT,2,3,2006-11-01,1605,1,1
PIPERACILLIN SODIUM TAZOBACTAM SODIUM,INJECTION  POWDER  LYOPHILIZED  FOR SOLUTION,2,9,1993-11-01,6436,1,3
SOTALOL HYDROCHLORIDE,TABLET,2,6,1992-10-30,2740,9,24
AMPICILLIN SODIUM SULBACTAM SODIUM,INJECTION  POWDER  FOR SOLUTION,1,7,1991-11-22,5121,3,10
URSODIOL,TABLET,1,2,1997-12-10,4962,1,2
TAMSULOSIN HYDROCHLORIDE,CAPSULE,6,7,1997-09-12,4554,33,35
OFLOXACIN,SOLUTION/ DROPS,1,1,1993-08-01,3939,7,7
OMEPRAZOLE SODIUM BICARBONATE,CAPSULE,4,5,2006-02-27,1584,1,2
LEVOBUNOLOL HYDROCHLORIDE,SOLUTION/ DROPS,1,1,1986-07-24,3136,2,3
RANITIDINE,TABLET  COATED,2,4,2006-12-21,340,2,4
ETHOSUXIMIDE,CAPSULE,1,1,2000-09-22,770,1,1
MECLIZINE HYDROCHLORIDE,TABLET,1,3,1997-04-11,542,13,18
PRAZOSIN HYDROCHLORIDE,CAPSULE,1,3,1994-05-10,1609,3,7
CHLORZOXAZONE,TABLET,1,1,1987-06-15,2870,2,2
ALPRAZOLAM,TABLET  ORALLY DISINTEGRATING,3,9,2005-01-20,1450,2,8
BUPIVACAINE HYDROCHLORIDE EPINEPHRINE BITARTRATE,INJECTION  SOLUTION,1,1,1972-10-03,13589,4,11
RISPERIDONE,SOLUTION,1,2,1996-06-10,4797,10,10
CHLORTHALIDONE,TABLET,1,1,1988-12-20,5284,5,7
LAMOTRIGINE,TABLET,7,9,1995-01-17,4935,27,104
MESNA,INJECTION  SOLUTION,1,2,1988-12-30,4632,2,2
QUINAPRIL HYDROCHLORIDE HYDROCHLOROTHIAZIDE,TABLET  FILM COATED,2,6,1999-12-28,2605,5,12
CARBIDOPA LEVODOPA,TABLET,1,3,1975-05-02,10846,8,19
LATANOPROST,SOLUTION,3,3,1995-03-20,5772,3,3
METRONIDAZOLE,INJECTION  SOLUTION,2,3,1981-12-24,9828,3,4
OXALIPLATIN,INJECTION  SOLUTION  CONCENTRATE,2,3,2006-06-02,1162,2,2
TERBINAFINE HYDROCHLORIDE,TABLET,1,1,1996-05-10,4070,7,8
CLOMIPHENE CITRATE,TABLET,3,3,1967-02-01,10795,1,1
ISONIAZID,TABLET,1,2,1978-12-11,6839,12,19
SULFACETAMIDE SODIUM,SOLUTION/ DROPS,1,1,1971-06-01,14882,3,3
HEPARIN SODIUM,INJECTION,1,5,1972-03-22,13985,2,7
TRIAMCINOLONE ACETONIDE,SPRAY  METERED,2,2,1996-05-20,5434,3,3
IMIPRAMINE PAMOATE,CAPSULE,3,9,2009-10-15,183,2,8
POTASSIUM CITRATE,TABLET  EXTENDED RELEASE,3,3,1985-09-01,7596,2,3
GLIPIZIDE,TABLET,2,3,1984-05-08,3947,18,34
CARVEDILOL,TABLET  FILM COATED,4,8,1997-06-03,3746,33,131
ERYTHROMYCIN,OINTMENT,1,1,1985-01-10,4207,11,12
ERGOCALCIFEROL,CAPSULE  LIQUID FILLED,2,2,1974-11-11,12818,7,7
METFORMIN HYDROCHLORIDE,TABLET  FILM COATED  EXTENDED RELEASE,3,4,2004-04-27,854,1,1
TERCONAZOLE,CREAM,9,10,1987-12-31,5941,5,6
VORICONAZOLE,TABLET  FILM COATED,3,6,2002-05-01,3212,3,5
AMOXICILLIN,TABLET  FILM COATED,5,7,1978-07-10,8114,2,3
MEDROXYPROGESTERONE ACETATE,TABLET,7,12,1959-06-03,13582,6,14
CARBAMAZEPINE,TABLET,1,1,1968-03-11,9794,3,4
AMIODARONE HYDROCHLORIDE,TABLET,1,1,1985-12-01,4747,7,8
DESONIDE,OINTMENT,2,2,2006-06-21,1581,1,1
NORGESTREL ETHINYL ESTRADIOL,KIT,1,1,1976-03-01,8549,2,2
PROGESTERONE,INJECTION  SOLUTION,1,1,1978-05-11,8470,1,1
MUPIROCIN,OINTMENT,1,1,2000-04-07,1309,10,10
SODIUM CHLORIDE,INJECTION,3,3,1982-10-29,6493,2,5
GLYCOPYRROLATE,INJECTION  SOLUTION,4,6,2010-08-01,450,1,4
OXCARBAZEPINE,TABLET  FILM COATED,4,6,2000-01-30,2809,14,38
TRIMETHOPRIM,TABLET,1,1,1990-09-30,7126,4,4
NARATRIPTAN HYDROCHLORIDE,TABLET  FILM COATED,1,2,1998-02-26,4515,1,2
ARTICAINE HYDROCHLORIDE EPINEPHRINE BITARTRATE,INJECTION  SOLUTION,2,4,2000-04-03,4015,1,1
CEFOXITIN SODIUM,INJECTION  SOLUTION,1,2,2006-03-10,1810,1,2
FLUCYTOSINE,CAPSULE,2,3,1971-11-26,14476,2,3
NAPHAZOLINE HYDROCHLORIDE PHENIRAMINE MALEATE,SOLUTION/ DROPS,2,2,1994-06-08,5964,1,1
LEFLUNOMIDE,TABLET  FILM COATED,4,6,1998-09-10,2561,2,3
NITROFURANTOIN,SUSPENSION,2,2,1953-12-23,20910,1,1
ENALAPRIL MALEATE HYDROCHLOROTHIAZIDE,TABLET,2,2,1986-10-31,5436,6,10
SODIUM IODIDE I,CAPSULE  GELATIN COATED,1,2,2003-01-02,1560,1,2
DICYCLOMINE HYDROCHLORIDE,CAPSULE,1,1,1950-05-11,16604,17,22
LEVOFLOXACIN,SOLUTION,3,3,2000-10-01,3803,2,2
METRONIDAZOLE,CAPSULE,1,1,1995-05-03,5956,1,1
MORPHINE SULFATE,CAPSULE  EXTENDED RELEASE,13,47,2001-11-07,3655,2,12
MOEXIPRIL HYDROCHLORIDE,TABLET  FILM COATED,1,2,1995-07-15,2854,2,3
DORZOLAMIDE HYDROCHLORIDE TIMOLOL MALEATE,SOLUTION,3,3,1998-04-07,4288,1,1
FAMCICLOVIR,TABLET  FILM COATED,1,3,1994-06-29,4816,2,4
SEVOFLURANE,LIQUID,1,1,1995-06-07,2587,1,1
ALPRAZOLAM,TABLET,4,13,1981-10-16,4827,11,30
DESMOPRESSIN ACETATE,SOLUTION,2,3,1978-02-21,7643,1,1
NICARDIPINE HYDROCHLORIDE,INJECTION  SOLUTION,2,8,1992-01-30,6501,3,3
CLINDAMYCIN PHOSPHATE,INJECTION  SOLUTION,2,7,1972-10-02,8914,3,6
FAMOTIDINE,TABLET  FILM COATED,3,4,1986-10-15,5297,13,20
VENLAFAXINE HYDROCHLORIDE,CAPSULE  EXTENDED RELEASE,10,18,1997-11-01,4622,21,54
DIGOXIN,INJECTION  SOLUTION,1,1,1985-10-01,6533,1,1
EPLERENONE,TABLET,1,1,2002-09-27,2133,4,6
DIVALPROEX SODIUM,TABLET  DELAYED RELEASE,1,3,1983-03-10,9273,31,75
CLINDAMYCIN PHOSPHATE,SOLUTION,2,2,1980-06-20,6194,2,2
CYCLOSPORINE,CAPSULE  LIQUID FILLED,3,5,1990-03-02,4471,2,5
BICALUTAMIDE,TABLET,2,2,1995-10-16,5012,6,6
TORSEMIDE,TABLET,1,1,2000-11-28,1281,5,12
KETOCONAZOLE,TABLET,1,1,1981-06-12,6577,8,8
NORETHINDRONE ETHINYL ESTRADIOL,KIT,6,8,1974-12-27,9658,4,6
SUMATRIPTAN,INJECTION,1,1,2009-07-15,636,1,1
NAPROXEN,TABLET,2,4,1976-03-11,10170,1,3
LEVOFLOXACIN,INJECTION  SOLUTION,1,3,1996-12-20,5295,3,8
ATENOLOL CHLORTHALIDONE,TABLET,1,2,1990-09-01,1704,10,15
NH N,INJECTION,1,1,2007-08-23,441,1,1
IBUTILIDE FUMARATE,INJECTION  SOLUTION,1,1,1995-12-28,5129,1,1
IRINOTECAN HYDROCHLORIDE,INJECTION  SOLUTION,1,2,1996-06-14,4275,3,4
METHAMPHETAMINE HYDROCHLORIDE,TABLET,1,1,1943-12-31,24223,2,2
CHLORHEXIDINE GLUCONATE,SOLUTION,7,10,1976-09-17,9124,1,1
CLARITHROMYCIN,FOR SUSPENSION,1,2,1991-10-31,5787,2,3
DESMOPRESSIN ACETATE,SPRAY,1,2,1978-02-21,9837,1,1
GLYBURIDE,TABLET,5,11,1984-05-01,4138,8,17
TOPIRAMATE,TABLET  COATED,8,13,1997-01-01,5068,1,8
PAROXETINE HYDROCHLORIDE,TABLET  FILM COATED  EXTENDED RELEASE,5,6,2002-04-09,2227,2,5
NIFEDIPINE,TABLET  FILM COATED  EXTENDED RELEASE,3,7,1989-09-06,3842,8,17
TOPIRAMATE,CAPSULE  COATED PELLETS,1,2,1998-11-01,3818,4,8
NORETHINDRONE,TABLET,2,2,1973-01-02,10893,2,3
NITROGLYCERIN,PATCH,1,6,1995-04-04,514,4,11
ACEBUTOLOL HYDROCHLORIDE,CAPSULE,1,2,1984-12-28,3769,1,2
PRIMAQUINE PHOSPHATE,TABLET  FILM COATED,1,1,2011-04-15,237,1,1
OXYCODONE HYDROCHLORIDE,TABLET,3,4,2000-08-31,2344,13,41
CLINDAMYCIN PHOSPHATE,AEROSOL  FOAM,1,1,2009-10-05,177,1,1
PERINDOPRIL ERBUMINE,TABLET,1,3,1993-12-30,5794,3,9
TOBRAMYCIN,SOLUTION,1,1,1981-03-15,5048,7,8
MYCOPHENOLATE MOFETIL,CAPSULE,3,3,1995-05-03,4836,14,14
IPRATROPIUM BROMIDE ALBUTEROL SULFATE,SOLUTION,2,2,2001-03-21,2476,5,5
MORPHINE SULFATE,SOLUTION,3,4,2005-09-12,2212,1,1
CLONIDINE HYDROCHLORIDE,INJECTION  SOLUTION,1,2,1996-10-02,4762,4,8
FUROSEMIDE,TABLET,14,30,1966-07-01,11178,5,11
TIZANIDINE HYDROCHLORIDE,TABLET,2,2,1997-01-01,2003,5,9
TERBINAFINE HYDROCHLORIDE,CREAM,2,3,2005-08-10,691,26,28
ACETAMINOPHEN,SUPPOSITORY,2,5,1980-04-01,8708,1,2
LEVETIRACETAM,SOLUTION,1,1,2003-10-20,1914,15,17
TIMOLOL MALEATE,SOLUTION,3,7,1978-08-17,6006,2,4
ROCURONIUM BROMIDE,INJECTION  SOLUTION,1,1,1994-03-17,5368,5,7
DOBUTAMINE HYDROCHLORIDE,INJECTION  SOLUTION,1,3,1993-10-19,485,1,1
VALPROATE SODIUM,INJECTION,1,1,1996-12-30,4797,1,1
LAMIVUDINE ZIDOVUDINE,TABLET  FILM COATED,4,4,1997-09-30,5201,4,4
CLOTRIMAZOLE BETAMETHASONE DIPROPIONATE,CREAM,2,2,1984-07-10,6167,4,4
PREDNICARBATE,CREAM,2,2,1993-10-29,4708,1,1
PAROXETINE HYDROCHLORIDE,TABLET  FILM COATED,1,1,1996-07-10,2616,8,21
BUDESONIDE,SUSPENSION,4,5,2000-09-08,2994,6,10
CLOBETASOL PROPIONATE,CREAM,2,4,1985-12-27,3846,6,7
IBUPROFEN,SUSPENSION,2,4,1995-09-01,1217,23,34
TR OLAPRIL,TABLET,2,4,1996-04-26,3939,8,19
ETHAMBUTOL HYDROCHLORIDE,TABLET,2,2,2007-08-10,694,4,6
LEVOCARNITINE,TABLET,1,1,1985-12-27,6842,1,1
ETOMIDATE,INJECTION  SOLUTION,2,5,1982-09-07,10136,2,3
SUCRALFATE,TABLET,4,4,1981-10-30,5491,2,2
GABAPENTIN,TABLET  FILM COATED,2,4,1998-10-09,1954,14,25
MIRTAZAPINE,TABLET  FILM COATED,3,4,1996-06-14,2420,17,41
LEVALBUTEROL HYDROCHLORIDE,SOLUTION,5,6,1999-04-01,3802,2,2
OLANZAPINE,TABLET  ORALLY DISINTEGRATING,3,6,2000-06-01,4162,7,22
TOBRAMYCIN DEXAMETHASONE,SUSPENSION/ DROPS,1,1,1988-08-18,4087,1,1
DIPHENHYDRAMINE CITRATE IBUPROFEN,TABLET  COATED,1,1,2005-12-21,1154,27,32
DRONABINOL,CAPSULE,2,3,1994-08-11,5069,3,6
PREDNICARBATE,OINTMENT,1,1,1991-09-23,5646,1,1
ROPINIROLE,TABLET  FILM COATED,7,9,1997-10-01,4530,3,9
CLOBETASOL PROPIONATE,OINTMENT,1,2,1985-12-27,3710,4,4
CHLORHEXIDINE GLUCONATE,RINSE,1,1,1986-08-13,3555,3,3
FLUOXETINE HYDROCHLORIDE,CAPSULE,4,4,1987-12-29,4965,5,9
FUROSEMIDE,INJECTION,1,3,1990-09-30,5478,2,4
HYDROXYCHLOROQUINE SULFATE,TABLET  FILM COATED,1,1,1955-04-18,14836,4,4
NATEGLINIDE,TABLET,1,2,2000-12-04,3201,2,4
CARBAMAZEPINE,TABLET  EXTENDED RELEASE,2,6,1996-03-25,4754,2,4
MEPERIDINE HYDROCHLORIDE,TABLET,1,2,1942-11-10,19694,4,9
HEPARIN SODIUM,INJECTION  SOLUTION,4,9,1982-04-28,8314,2,3
ENALAPRIL MALEATE,TABLET,4,8,1985-12-24,5355,6,25
GLIPIZIDE,TABLET  EXTENDED RELEASE,6,8,1994-04-26,3422,2,6
HYDROCORTISONE,TABLET,1,3,1952-12-15,19828,10,17
ACARBOSE,TABLET,4,8,2007-11-19,170,6,14
DESOXIMETASONE,OINTMENT,1,2,1985-01-17,4159,1,1
CLOBETASOL PROPIONATE,SOLUTION,1,1,1990-02-22,3186,4,4
CLOZAPINE,TABLET,3,4,1989-09-30,3568,2,4
FELBAMATE,SUSPENSION,2,2,1993-07-29,6714,1,1
GLYCOPYRROLATE,INJECTION,2,5,1975-02-06,13376,2,5
CITALOPRAM HYDROBROMIDE,TABLET,3,3,2000-11-28,1445,15,37
ISOSORBIDE MONONITRATE,TABLET,2,5,1993-06-30,1948,2,4
DIGOXIN,TABLET,7,9,1984-07-02,5894,1,1
TIOCONAZOLE,OINTMENT,1,1,1997-02-11,1744,1,1
VERAPAMIL HYDROCHLORIDE,TABLET  FILM COATED,1,2,1984-09-10,3878,9,16
CLINDAMYCIN PHOSPHATE,LOTION,2,2,1989-05-31,4628,2,2
IBUPROFEN,SUSPENSION/ DROPS,2,2,1998-01-30,2270,14,14
AZITHROMYCIN,INJECTION  POWDER  LYOPHILIZED  FOR SOLUTION,1,1,1997-01-01,3880,1,1
DESMOPRESSIN ACETATE,TABLET,2,4,1995-09-06,3796,5,7
LEVETIRACETAM,INJECTION  SOLUTION  CONCENTRATE,2,2,2006-07-31,1857,1,1
RISPERIDONE,TABLET  ORALLY DISINTEGRATING,1,10,2003-04-02,2155,8,37
MEDROXYPROGESTERONE ACETATE,INJECTION  SUSPENSION,6,10,1960-11-01,16023,1,1
METOCLOPRAMIDE HYDROCHLORIDE,TABLET,2,2,2003-05-05,780,3,4
DIHYDROERGOTAMINE MESYLATE,INJECTION  SOLUTION,1,1,2001-10-03,573,1,1
ZOLPIDEM TARTRATE,TABLET  COATED,3,4,2005-09-19,581,1,2
LOSARTAN POTASSIUM,TABLET  FILM COATED,8,14,1995-04-14,5471,27,69
TRIMIPRAMINE MALEATE,CAPSULE,1,3,1990-09-30,7691,1,3
CALCIPOTRIENE,SOLUTION,2,2,1997-06-01,3992,3,3
MEPIVACAINE HYDROCHLORIDE,INJECTION  SOLUTION,2,6,1960-03-15,17576,8,12
NICARDIPINE HYDROCHLORIDE,INJECTION,1,1,1992-01-30,6493,4,5
NEOMYCIN POLYMYXIN B SULFATES DEXAMETHASONE,OINTMENT,1,1,1996-02-21,2455,1,1
FENTANYL CITRATE,INJECTION  SOLUTION,1,2,1985-01-12,9295,1,1
DIAZEPAM,TABLET,3,6,1963-11-15,13955,13,28
VALACYCLOVIR HYDROCHLORIDE,TABLET  FILM COATED,7,7,1995-08-01,4201,3,3
CROMOLYN SODIUM,SOLUTION  CONCENTRATE,1,1,1996-11-01,5512,1,1
METRONIDAZOLE,TABLET,2,2,1995-04-24,1202,10,15
ZAFIRLUKAST,TABLET  FILM COATED,2,3,1996-10-01,5161,2,3
CLORAZEPATE DIPOTASSIUM,TABLET,1,3,1972-06-23,10170,5,11
DICYCLOMINE HYDROCHLORIDE,TABLET,1,1,1950-05-11,16328,15,18
VALPROIC ACID,SOLUTION,1,1,1978-02-28,6163,4,4
ALPRAZOLAM,TABLET  EXTENDED RELEASE,3,11,2003-01-17,1105,10,28
KETOROLAC TROMETHAMINE,SOLUTION,1,1,1992-11-09,6205,9,13
LORATADINE,TABLET  ORALLY DISINTEGRATING,2,4,2002-11-27,432,5,9
MESALAMINE,ENEMA,1,1,1988-01-31,7193,2,2
LORAZEPAM,INJECTION  SOLUTION,1,2,2005-09-23,474,1,4
MOEXIPRIL HYDROCHLORIDE HYDROCHLOROTHIAZIDE,TABLET  FILM COATED,2,2,1997-09-15,3460,1,3
OXCARBAZEPINE,SUSPENSION,2,2,2001-05-30,3120,1,1
SERTRALINE HYDROCHLORIDE,SOLUTION  CONCENTRATE,2,2,1992-02-11,6107,1,1
GLYCOPYRROLATE,TABLET,1,2,1961-03-28,15983,3,5
LISINOPRIL,TABLET,1,3,1987-12-29,5298,31,106
PROPYLTHIOURACIL,TABLET,1,1,1947-07-28,18055,5,5
NAPROXEN SODIUM,TABLET  FILM COATED  EXTENDED RELEASE,8,12,1996-01-05,5687,1,1
LANSOPRAZOLE,CAPSULE  DELAYED RELEASE,7,9,1995-05-10,5299,9,14
VERAPAMIL HYDROCHLORIDE,TABLET  FILM COATED  EXTENDED RELEASE,3,3,1986-12-16,3317,1,1
DESMOPRESSIN ACETATE,INJECTION,1,2,1984-03-30,4964,1,2
ONDANSETRON HYDROCHLORIDE,TABLET  FILM COATED,1,2,1993-02-11,5066,16,30
FLURBIPROFEN SODIUM,SOLUTION/ DROPS,1,1,1987-01-01,2925,2,2
URSODIOL,TABLET  FILM COATED,3,5,1997-12-10,5126,2,4
GUANFACINE HYDROCHLORIDE,TABLET,1,2,1986-10-27,3745,6,10
AZATHIOPRINE,TABLET,1,1,1968-03-20,10194,4,6
FLUCONAZOLE,POWDER  FOR SUSPENSION,2,4,1993-12-23,3871,2,4
METRONIDAZOLE,LOTION,1,1,1998-11-24,2738,2,2
MINOCYCLINE HYDROCHLORIDE,TABLET  FILM COATED  EXTENDED RELEASE,1,2,2009-07-23,362,1,1
LEVOCETIRIZINE DIHYDROCHLORIDE,TABLET  FILM COATED,4,4,2007-08-09,1205,5,5
BUTALBITAL ASPIRIN CAFFEINE CODEINE PHOSPHATE,CAPSULE,1,1,1990-10-26,2776,2,2
OXYBUTYNIN CHLORIDE,TABLET  EXTENDED RELEASE,3,5,1999-06-26,2694,6,11
BENZPHETAMINE HYDROCHLORIDE,TABLET,3,4,1960-10-26,17568,10,12
CARBAMAZEPINE,CAPSULE  EXTENDED RELEASE,4,7,1997-09-30,4980,2,6
CARBAMAZEPINE,TABLET  CHEWABLE,1,1,1981-12-14,4973,3,3
CEPHALEXIN,CAPSULE,1,3,1971-01-04,12393,3,4
ATENOLOL,TABLET,2,3,1990-09-01,1630,9,23
KETOTIFEN FUMARATE,SOLUTION,2,2,2009-09-22,289,13,13
TOPOTECAN HYDROCHLORIDE,INJECTION  POWDER  LYOPHILIZED  FOR SOLUTION,1,1,1996-06-07,5287,3,4
BUTALBITAL ASPIRIN CAFFEINE,CAPSULE,3,3,1976-05-04,9998,2,2
BALSALAZIDE DISODIUM,CAPSULE,2,2,2000-07-18,2719,5,5
LEVOCARNITINE,SOLUTION,1,2,1986-04-10,6738,1,1
FLUTICASONE PROPIONATE,SPRAY  METERED,1,1,1994-11-08,4124,9,10
DIETHYLPROPION HYDROCHLORIDE,TABLET,4,6,1959-08-06,14620,1,1
FLUCONAZOLE,TABLET,5,12,1990-01-29,5295,12,31
ZONISAMIDE,CAPSULE,1,2,2000-03-27,2096,14,32
BETAXOLOL HYDROCHLORIDE,SOLUTION/ DROPS,1,1,2000-05-15,1051,1,1
CLINDAMYCIN PHOSPHATE,CREAM,2,2,1992-08-11,4521,2,2
LEVOCARNITINE,INJECTION  SOLUTION,1,1,1992-12-16,3218,1,1
BUPROPION HYDROCHLORIDE,TABLET  FILM COATED,4,5,1986-02-04,5116,15,25
DIATRIZOATE MEGLUMINE DIATRIZOATE SODIUM,SOLUTION,1,1,1989-09-29,7276,1,1
DOXORUBICIN HYDROCHLORIDE,INJECTION  SOLUTION,1,5,1987-12-23,2809,1,3
LEVETIRACETAM,TABLET,2,3,2000-04-24,3188,11,35
TRETINOIN,GEL,7,8,1975-07-30,8973,2,3
POTASSIUM CHLORIDE,INJECTION  SOLUTION,2,8,1989-12-26,7523,1,1
METHADONE HYDROCHLORIDE,TABLET,4,10,1947-08-13,18487,1,2
TESTOSTERONE ENANTHATE,INJECTION  SOLUTION,1,1,1953-12-24,20950,1,1
ACETAZOLAMIDE,CAPSULE  EXTENDED RELEASE,2,2,1962-03-01,17091,3,3
ACYCLOVIR,TABLET,1,1,1993-07-29,1364,14,24
OLANZAPINE,INJECTION  POWDER  FOR SOLUTION,1,1,2004-04-01,2762,2,2
SUMATRIPTAN SUCCINATE,TABLET  FILM COATED,8,10,2003-12-17,2063,5,10
WATER,INJECTION,2,2,1982-10-27,6523,1,1
DOPAMINE HYDROCHLORIDE,INJECTION  SOLUTION,3,7,1981-05-19,10635,1,1
AMOXICILLIN CLAVULANATE POTASSIUM,TABLET  FILM COATED,5,9,1984-08-06,6429,9,19
OCTREOTIDE ACETATE,INJECTION  SOLUTION,3,7,1988-10-21,6353,2,10
SERTRALINE HYDROCHLORIDE,TABLET  FILM COATED,10,22,1992-02-11,5469,15,42
MORPHINE SULFATE,TABLET,7,11,2008-01-07,821,2,4
SULFASALAZINE,TABLET  DELAYED RELEASE,1,1,1950-06-20,18833,1,1
RIFAMPIN,INJECTION  POWDER  LYOPHILIZED  FOR SOLUTION,1,1,1989-05-25,4652,1,1
ADAPALENE,GEL,6,6,1996-05-31,5115,3,3
RIBAVIRIN,TABLET  FILM COATED,1,1,2002-12-03,1098,6,16
LITHIUM CARBONATE,TABLET,3,3,1982-01-29,10387,4,4
ATORVASTATIN CALCIUM,TABLET  FILM COATED,23,51,1996-12-17,5462,6,17
CHLORHEXIDINE GLUCONATE,LIQUID,1,1,1990-08-01,5814,1,1
SILVER SULFADIAZINE,CREAM,12,14,1973-11-26,12157,1,1
DICLOFENAC SODIUM,SOLUTION,1,1,1991-03-28,6167,1,1
CLOBETASOL PROPIONATE,AEROSOL  FOAM,1,1,2005-09-15,917,1,1
POTASSIUM CHLORIDE,TABLET  EXTENDED RELEASE,2,5,1986-04-17,4600,5,9
TRIAZOLAM,TABLET,5,7,1982-11-15,9737,6,7
BISOPROLOL FUMARATE,TABLET,1,2,1992-07-31,6261,4,6
EPIRUBICIN HYDROCHLORIDE,INJECTION  SOLUTION,2,4,1999-09-15,2773,3,4
IBUPROFEN,CAPSULE  LIQUID FILLED,3,4,1995-04-10,5352,20,22
CILOSTAZOL,TABLET,1,2,1999-01-15,2139,8,12
ANASTROZOLE,TABLET,2,2,1996-01-16,5250,14,16
FUROSEMIDE,INJECTION  SOLUTION,1,1,1982-05-28,6209,2,3
FLUOXETINE HYDROCHLORIDE,TABLET,1,2,2008-06-24,372,1,2
MIRTAZAPINE,TABLET  ORALLY DISINTEGRATING,2,6,2001-01-12,1693,4,13
METRONIDAZOLE,CREAM,1,1,1995-09-20,3173,2,2
CLONAZEPAM,TABLET,3,7,1975-06-02,7778,8,18
NEOMYCIN SULFATE POLYMYXIN B SULFATE HYDROCORTISONE,SOLUTION,1,1,1975-11-17,9983,1,1
ITRACONAZOLE,CAPSULE,2,2,1992-09-11,4277,1,1
BISOPROLOL FUMARATE HYDROCHLOROTHIAZIDE,TABLET  FILM COATED,1,3,1993-03-26,2740,1,3
ADAPALENE,CREAM,2,2,2005-04-19,1898,2,2
CLARITHROMYCIN,TABLET  FILM COATED,4,6,1991-10-31,4955,8,14
VERAPAMIL HYDROCHLORIDE,CAPSULE  EXTENDED RELEASE,3,10,1998-11-25,3179,2,6
SIMVASTATIN,TABLET  FILM COATED,1,5,1991-12-23,5300,32,124
ANAGRELIDE HYDROCHLORIDE,CAPSULE,1,1,1997-03-14,2957,3,4
FENTANYL CITRATE,LOZENGE,6,20,1998-11-04,4090,3,13
FLUOCINONIDE,CREAM,5,7,1984-06-26,7302,5,6
MISOPROSTOL,TABLET,6,8,1986-12-27,5674,1,1
MELOXICAM,TABLET,3,3,2000-06-01,2221,29,57
DOXYLAMINE SUCCINATE,TABLET,1,1,1978-10-18,6678,13,13
MOMETASONE FUROATE,LOTION,1,1,1989-03-30,6810,2,2
METAXALONE,TABLET,16,18,1962-08-13,16753,4,4
CEFEPIME HYDROCHLORIDE,INJECTION  POWDER  FOR SOLUTION,1,2,1996-01-18,4487,2,4
TRAMADOL HYDROCHLORIDE,TABLET  COATED,3,4,1995-03-03,2667,2,2
AMLODIPINE BESYLATE,TABLET,7,14,1992-07-31,5348,25,69
OMEPRAZOLE MAGNESIUM,CAPSULE  DELAYED RELEASE,3,3,1990-10-01,6982,2,2
LIOTHYRONINE SODIUM,TABLET,4,7,1956-05-08,19309,6,11
RIFAMPIN,CAPSULE,1,1,1971-05-21,9504,4,5
HYDROXYZINE PAMOATE,CAPSULE,2,2,1968-11-15,10074,15,31
ESMOLOL HYDROCHLORIDE,INJECTION,3,6,1986-12-31,8614,1,1
BENZTROPINE MESYLATE,INJECTION,1,1,1959-08-05,18256,2,2
FEXOFENADINE HYDROCHLORIDE,TABLET  FILM COATED,1,2,2000-02-25,2084,2,5
CLINDAMYCIN PHOSPHATE,GEL,3,3,1987-01-07,6665,1,1
GLYBURIDE METFORMIN HYDROCHLORIDE,TABLET  FILM COATED,1,1,2002-05-31,903,10,24
ALLOPURINOL,TABLET,3,5,1966-08-19,11672,4,6
ESTRADIOL,PATCH,3,4,1994-12-22,1890,1,2
EZETIMIBE,TABLET,7,7,2002-10-25,3354,1,1
METHOTREXATE,TABLET,6,6,1953-07-12,21732,3,3
SULFAMETHOXAZOLE TRIMETHOPRIM,SUSPENSION,1,1,1983-07-01,5295,5,6
RIBAVIRIN,CAPSULE,1,3,1998-06-03,2134,6,6
TRETINOIN,CREAM,15,15,1973-01-26,9463,4,8
ZALEPLON,CAPSULE,5,7,1999-08-13,3220,18,30
LABETALOL HYDROCHLORIDE,TABLET,1,3,1984-05-31,9141,3,7
NADOLOL,TABLET,1,3,1979-12-10,9289,2,5
NAPROXEN,TABLET  DELAYED RELEASE,1,2,1994-10-14,1223,4,7
VERAPAMIL HYDROCHLORIDE,TABLET  EXTENDED RELEASE,1,2,1996-02-26,5628,1,3
DONEPEZIL HYDROCHLORIDE,TABLET  FILM COATED,9,14,1996-11-25,5117,30,54
BENZONATATE,CAPSULE,1,1,1958-02-10,13834,3,3
MIDODRINE HYDROCHLORIDE,TABLET,2,3,1996-09-06,2125,9,19
LETROZOLE,TABLET  FILM COATED,2,2,1997-07-31,5013,11,11
ONDANSETRON HYDROCHLORIDE,SOLUTION,1,1,1997-02-05,3611,5,5
LEVONORGESTREL ETHINYL ESTRADIOL ETHINYL ESTRADIOL,KIT,4,4,2006-05-25,1832,1,2
ALENDRONATE SODIUM,TABLET,3,3,1995-09-29,4513,18,44
ATOVAQUONE,SUSPENSION,3,3,1995-02-28,6128,1,1
DOXYCYCLINE,CAPSULE,2,2,1989-12-29,3990,5,9
NEVIRAPINE,TABLET,2,2,2001-08-01,3540,1,1
FLUTICASONE PROPIONATE,CREAM,1,1,1990-12-18,4896,5,5
OXYMORPHONE HYDROCHLORIDE,TABLET,2,3,2006-06-26,1554,2,3
RIVASTIGMINE TARTRATE,CAPSULE,6,12,2000-04-30,3714,5,14
CIPROFLOXACIN HYDROCHLORIDE,TABLET  FILM COATED,1,2,1987-10-22,5780,10,20
DEXMETHYLPHENIDATE HYDROCHLORIDE,TABLET,1,3,2001-11-30,2016,1,3
MAGNESIUM SULFATE HEPTAHYDRATE,INJECTION  SOLUTION,2,4,1994-06-24,2132,1,2
CALCIUM ACETATE,CAPSULE,2,2,2001-04-02,2521,6,6
HALOPERIDOL,INJECTION,1,1,1971-05-18,11061,2,3
PYRIDOSTIGMINE BROMIDE,TABLET,1,1,1955-04-06,17550,1,1
ERYTHROMYCIN BENZOYL PEROXIDE,KIT,4,5,1984-10-26,7094,1,2
BENAZEPRIL HYDROCHLORIDE,TABLET,7,9,1991-06-25,6609,6,18
RILUZOLE,TABLET  FILM COATED,1,1,1995-12-12,2605,1,1
LEVETIRACETAM,TABLET  FILM COATED,5,9,2000-04-24,3116,27,82
CLOBETASOL PROPIONATE,GEL,1,1,1994-04-29,1855,2,2
LIDOCAINE HYDROCHLORIDE,INJECTION,1,1,1948-11-19,19187,2,2
LIDOCAINE HYDROCHLORIDE EPINEPHRINE BITARTRATE,INJECTION  SOLUTION,2,3,1985-01-22,9150,11,21
LITHIUM CARBONATE,TABLET  FILM COATED  EXTENDED RELEASE,1,1,1979-04-27,9316,1,1
MORPHINE SULFATE,TABLET  FILM COATED  EXTENDED RELEASE,3,9,1987-07-01,7855,9,38
SUMATRIPTAN SUCCINATE,INJECTION,5,5,1993-02-23,5827,6,6
METOPROLOL TARTRATE HYDROCHLOROTHIAZIDE,TABLET,1,1,1984-12-31,7175,2,5
SULFASALAZINE,TABLET,2,2,1950-06-20,18833,4,4
CALCITONIN SALMON,SPRAY  METERED,4,4,1995-08-01,4879,3,3
LAMOTRIGINE,KIT,3,8,2003-09-29,2177,3,4
